													-- --------------------------------------------------
													-- -------------POBRACION DE TABLAS------------------
													-- --------------------------------------------------
  
 -- --------------------------------------------------  
-- --------------------C_STATE------------------------
 -- --------------------------------------------------
INSERT INTO c_state (nombre) VALUES ("activo");  
INSERT INTO c_state (nombre) VALUES ("inactivo");  

 -- --------------------------------------------------
 -- ------------------USUARIOS------------------------
 -- --------------------------------------------------
INSERT INTO usuarios (id_usuario,nombre_usuario,email,pass) VALUES (1,"admin","admin@gmail.com","123456");
INSERT INTO usuarios (id_usuario,nombre_usuario,email,pass) VALUES (2,"fer","fGDsuarez@gmail.com","123");

-- --------------------------------------------------
-- ---------------------CLIENTES---------------------
-- --------------------------------------------------
insert into clientes (id_cliente, nombre, apellido, email, telefono, id_state) values (1, 'Celestine', 'Benazet', 'cbenazet0@bravesites.com', '(626) 5476197', 1);
insert into clientes (id_cliente, nombre, apellido, email, telefono, id_state) values (2, 'Moira', 'Neat', 'mneat1@tripadvisor.com', '(448) 1483406', 1);
insert into clientes (id_cliente, nombre, apellido, email, telefono, id_state) values (3, 'Wilmer', 'Meredyth', 'wmeredyth2@unicef.org', '(601) 7255445', 1);
insert into clientes (id_cliente, nombre, apellido, email, telefono, id_state) values (4, 'Beilul', 'Vanner', 'bvanner3@list-manage.com', '(202) 8092887', 1);
insert into clientes (id_cliente, nombre, apellido, email, telefono, id_state) values (5, 'Marlo', 'Oglesbee', 'moglesbee4@pbs.org', '(318) 3623234', 1);
insert into clientes (id_cliente, nombre, apellido, email, telefono, id_state) values (6, 'Row', 'Timmes', 'rtimmes5@google.de', '(414) 1356630', 1);
insert into clientes (id_cliente, nombre, apellido, email, telefono, id_state) values (7, 'Mandel', 'Mangenot', 'mmangenot6@alexa.com', '(964) 5855035', 1);
insert into clientes (id_cliente, nombre, apellido, email, telefono, id_state) values (8, 'Hatty', 'Buff', 'hbuff7@google.it', '(245) 8302815', 1);
insert into clientes (id_cliente, nombre, apellido, email, telefono, id_state) values (9, 'Gardy', 'Penniall', 'gpenniall8@yahoo.co.jp', '(449) 3778131', 1);
insert into clientes (id_cliente, nombre, apellido, email, telefono, id_state) values (10, 'Jessey', 'Spight', 'jspight9@last.fm', '(326) 5164254', 1);
insert into clientes (id_cliente, nombre, apellido, email, telefono, id_state) values (11, 'Kathe', 'Cesconi', 'kcesconia@chronoengine.com', '(466) 8806842', 1);
insert into clientes (id_cliente, nombre, apellido, email, telefono, id_state) values (12, 'Tiebold', 'Moynham', 'tmoynhamb@hatena.ne.jp', '(856) 7272455', 1);
insert into clientes (id_cliente, nombre, apellido, email, telefono, id_state) values (13, 'Trey', 'Kibard', 'tkibardc@census.gov', '(768) 7400140', 1);
insert into clientes (id_cliente, nombre, apellido, email, telefono, id_state) values (14, 'Ruprecht', 'Gadault', 'rgadaultd@guardian.co.uk', '(917) 6249869', 1);
insert into clientes (id_cliente, nombre, apellido, email, telefono, id_state) values (15, 'Christina', 'Runnett', 'crunnette@wisc.edu', '(842) 2909524', 1);
insert into clientes (id_cliente, nombre, apellido, email, telefono, id_state) values (16, 'Jefferson', 'Sexstone', 'jsexstonef@narod.ru', '(501) 2414079', 1);
insert into clientes (id_cliente, nombre, apellido, email, telefono, id_state) values (17, 'Hamel', 'Jeannel', 'hjeannelg@google.fr', '(629) 3830989', 1);
insert into clientes (id_cliente, nombre, apellido, email, telefono, id_state) values (18, 'Standford', 'Bosanko', 'sbosankoh@booking.com', '(473) 9470543', 1);
insert into clientes (id_cliente, nombre, apellido, email, telefono, id_state) values (19, 'Ramsey', 'Aberchirder', 'raberchirderi@dyndns.org', '(459) 8802578', 1);
insert into clientes (id_cliente, nombre, apellido, email, telefono, id_state) values (20, 'Cecilio', 'Vail', 'cvailj@indiatimes.com', '(824) 4710963', 1);
insert into clientes (id_cliente, nombre, apellido, email, telefono, id_state) values (21, 'Raymund', 'Ruddin', 'rruddink@reference.com', '(917) 8306099', 1);
insert into clientes (id_cliente, nombre, apellido, email, telefono, id_state) values (22, 'Theodor', 'Whorton', 'twhortonl@europa.eu', '(945) 4365023', 1);
insert into clientes (id_cliente, nombre, apellido, email, telefono, id_state) values (23, 'Stefa', 'Balnaves', 'sbalnavesm@twitter.com', '(361) 2515184', 1);
insert into clientes (id_cliente, nombre, apellido, email, telefono, id_state) values (24, 'Sylas', 'Elger', 'selgern@economist.com', '(156) 1305380', 1);
insert into clientes (id_cliente, nombre, apellido, email, telefono, id_state) values (25, 'Kim', 'Bane', 'kbaneo@stumbleupon.com', '(760) 4163658', 1);
insert into clientes (id_cliente, nombre, apellido, email, telefono, id_state) values (26, 'Lowe', 'Bentame', 'lbentamep@about.com', '(905) 9064875', 1);
insert into clientes (id_cliente, nombre, apellido, email, telefono, id_state) values (27, 'Joni', 'Nezey', 'jnezeyq@unblog.fr', '(202) 9990859', 1);
insert into clientes (id_cliente, nombre, apellido, email, telefono, id_state) values (28, 'Pollyanna', 'Devonport', 'pdevonportr@vistaprint.com', '(237) 7039187', 1);
insert into clientes (id_cliente, nombre, apellido, email, telefono, id_state) values (29, 'Katti', 'Britto', 'kbrittos@ovh.net', '(105) 8461700', 1);
insert into clientes (id_cliente, nombre, apellido, email, telefono, id_state) values (30, 'Leigha', 'Larratt', 'llarrattt@weather.com', '(217) 7679913', 1);
insert into clientes (id_cliente, nombre, apellido, email, telefono, id_state) values (31, 'Ingra', 'Zamorano', 'izamoranou@wix.com', '(706) 5764674', 1);
insert into clientes (id_cliente, nombre, apellido, email, telefono, id_state) values (32, 'Patrizia', 'Gaytor', 'pgaytorv@prlog.org', '(899) 4414239', 1);
insert into clientes (id_cliente, nombre, apellido, email, telefono, id_state) values (33, 'Lexine', 'Parley', 'lparleyw@adobe.com', '(623) 5448014', 1);
insert into clientes (id_cliente, nombre, apellido, email, telefono, id_state) values (34, 'Emyle', 'Lichfield', 'elichfieldx@tiny.cc', '(952) 7607947', 1);
insert into clientes (id_cliente, nombre, apellido, email, telefono, id_state) values (35, 'Helge', 'McGairl', 'hmcgairly@mail.ru', '(992) 2523249', 1);
insert into clientes (id_cliente, nombre, apellido, email, telefono, id_state) values (36, 'Rosabel', 'Holttom', 'rholttomz@deviantart.com', '(674) 3302258', 1);
insert into clientes (id_cliente, nombre, apellido, email, telefono, id_state) values (37, 'Ashton', 'Wenn', 'awenn10@ow.ly', '(719) 4792550', 1);
insert into clientes (id_cliente, nombre, apellido, email, telefono, id_state) values (38, 'Stoddard', 'Crannach', 'scrannach11@biglobe.ne.jp', '(738) 5500016', 1);
insert into clientes (id_cliente, nombre, apellido, email, telefono, id_state) values (39, 'Molli', 'Metzing', 'mmetzing12@newyorker.com', '(820) 8945830', 1);
insert into clientes (id_cliente, nombre, apellido, email, telefono, id_state) values (40, 'Maynord', 'Mulliner', 'mmulliner13@wikipedia.org', '(388) 1292456', 1);
insert into clientes (id_cliente, nombre, apellido, email, telefono, id_state) values (41, 'Geraldine', 'Shearwood', 'gshearwood14@ibm.com', '(276) 3206499', 1);
insert into clientes (id_cliente, nombre, apellido, email, telefono, id_state) values (42, 'Neely', 'Eric', 'neric15@ocn.ne.jp', '(411) 8111253', 1);
insert into clientes (id_cliente, nombre, apellido, email, telefono, id_state) values (43, 'Kamillah', 'de Bullion', 'kdebullion16@digg.com', '(114) 7989897', 1);
insert into clientes (id_cliente, nombre, apellido, email, telefono, id_state) values (44, 'Rosabel', 'Goulden', 'rgoulden17@princeton.edu', '(618) 9626015', 1);
insert into clientes (id_cliente, nombre, apellido, email, telefono, id_state) values (45, 'Wilek', 'Meth', 'wmeth18@surveymonkey.com', '(362) 5662666', 1);
insert into clientes (id_cliente, nombre, apellido, email, telefono, id_state) values (46, 'Myra', 'Branca', 'mbranca19@google.de', '(575) 1620434', 1);
insert into clientes (id_cliente, nombre, apellido, email, telefono, id_state) values (47, 'Justis', 'Largent', 'jlargent1a@newsvine.com', '(458) 9000200', 1);
insert into clientes (id_cliente, nombre, apellido, email, telefono, id_state) values (48, 'Wilfrid', 'Ronaghan', 'wronaghan1b@admin.ch', '(796) 4842845', 1);
insert into clientes (id_cliente, nombre, apellido, email, telefono, id_state) values (49, 'Natale', 'Keston', 'nkeston1c@globo.com', '(691) 7161541', 1);
insert into clientes (id_cliente, nombre, apellido, email, telefono, id_state) values (50, 'Iona', 'Eilert', 'ieilert1d@artisteer.com', '(516) 1762662', 1);
insert into clientes (id_cliente, nombre, apellido, email, telefono, id_state) values (51, 'Shanie', 'Blackshaw', 'sblackshaw1e@nyu.edu', '(154) 1981396', 1);
insert into clientes (id_cliente, nombre, apellido, email, telefono, id_state) values (52, 'Bing', 'Yeliashev', 'byeliashev1f@globo.com', '(925) 7063487', 1);
insert into clientes (id_cliente, nombre, apellido, email, telefono, id_state) values (53, 'Gideon', 'Sowood', 'gsowood1g@multiply.com', '(457) 9182041', 1);
insert into clientes (id_cliente, nombre, apellido, email, telefono, id_state) values (54, 'Simon', 'Moyle', 'smoyle1h@yolasite.com', '(397) 2562488', 1);
insert into clientes (id_cliente, nombre, apellido, email, telefono, id_state) values (55, 'Carola', 'Murby', 'cmurby1i@adobe.com', '(877) 3527571', 1);
insert into clientes (id_cliente, nombre, apellido, email, telefono, id_state) values (56, 'Tarra', 'Riguard', 'triguard1j@joomla.org', '(316) 6513495', 1);
insert into clientes (id_cliente, nombre, apellido, email, telefono, id_state) values (57, 'Kassie', 'Summerbell', 'ksummerbell1k@uol.com.br', '(633) 8433511', 1);
insert into clientes (id_cliente, nombre, apellido, email, telefono, id_state) values (58, 'Kylie', 'Beetham', 'kbeetham1l@purevolume.com', '(619) 7344678', 1);
insert into clientes (id_cliente, nombre, apellido, email, telefono, id_state) values (59, 'Antin', 'Hazael', 'ahazael1m@privacy.gov.au', '(200) 6217793', 1);
insert into clientes (id_cliente, nombre, apellido, email, telefono, id_state) values (60, 'Darcy', 'Caldicott', 'dcaldicott1n@purevolume.com', '(259) 1486542', 1);
insert into clientes (id_cliente, nombre, apellido, email, telefono, id_state) values (61, 'Pepi', 'Padgett', 'ppadgett1o@furl.net', '(246) 6052605', 1);
insert into clientes (id_cliente, nombre, apellido, email, telefono, id_state) values (62, 'Ewen', 'Baudic', 'ebaudic1p@theglobeandmail.com', '(171) 9005888', 1);
insert into clientes (id_cliente, nombre, apellido, email, telefono, id_state) values (63, 'Terencio', 'Morrel', 'tmorrel1q@g.co', '(540) 2378808', 1);
insert into clientes (id_cliente, nombre, apellido, email, telefono, id_state) values (64, 'Fawnia', 'Crownshaw', 'fcrownshaw1r@dmoz.org', '(266) 2530851', 1);
insert into clientes (id_cliente, nombre, apellido, email, telefono, id_state) values (65, 'Inger', 'Matten', 'imatten1s@instagram.com', '(261) 9905424', 1);
insert into clientes (id_cliente, nombre, apellido, email, telefono, id_state) values (66, 'Patten', 'Devil', 'pdevil1t@bbb.org', '(451) 4545436', 1);
insert into clientes (id_cliente, nombre, apellido, email, telefono, id_state) values (67, 'Byron', 'Skillings', 'bskillings1u@dell.com', '(392) 2480366', 1);
insert into clientes (id_cliente, nombre, apellido, email, telefono, id_state) values (68, 'Panchito', 'Esslement', 'pesslement1v@shareasale.com', '(631) 9418524', 1);
insert into clientes (id_cliente, nombre, apellido, email, telefono, id_state) values (69, 'Felice', 'Knighton', 'fknighton1w@netvibes.com', '(989) 7567730', 1);
insert into clientes (id_cliente, nombre, apellido, email, telefono, id_state) values (70, 'Lib', 'Maccaig', 'lmaccaig1x@homestead.com', '(522) 8152283', 1);
insert into clientes (id_cliente, nombre, apellido, email, telefono, id_state) values (71, 'Leanor', 'Wakely', 'lwakely1y@acquirethisname.com', '(986) 3055726', 1);
insert into clientes (id_cliente, nombre, apellido, email, telefono, id_state) values (72, 'Bernadine', 'Bleasdille', 'bbleasdille1z@washingtonpost.com', '(626) 9097741', 1);
insert into clientes (id_cliente, nombre, apellido, email, telefono, id_state) values (73, 'Dynah', 'McCoish', 'dmccoish20@xing.com', '(935) 3083544', 1);
insert into clientes (id_cliente, nombre, apellido, email, telefono, id_state) values (74, 'Brockie', 'Greeno', 'bgreeno21@usatoday.com', '(299) 5134275', 1);
insert into clientes (id_cliente, nombre, apellido, email, telefono, id_state) values (75, 'Charisse', 'Rivalant', 'crivalant22@digg.com', '(901) 9673948', 1);
insert into clientes (id_cliente, nombre, apellido, email, telefono, id_state) values (76, 'Celina', 'Sleeny', 'csleeny23@chron.com', '(775) 4432905', 1);
insert into clientes (id_cliente, nombre, apellido, email, telefono, id_state) values (77, 'Greggory', 'Cotsford', 'gcotsford24@cmu.edu', '(156) 3699005', 1);
insert into clientes (id_cliente, nombre, apellido, email, telefono, id_state) values (78, 'Benson', 'Southcoat', 'bsouthcoat25@house.gov', '(504) 2939061', 1);
insert into clientes (id_cliente, nombre, apellido, email, telefono, id_state) values (79, 'Zonnya', 'Hardes', 'zhardes26@diigo.com', '(116) 6076258', 1);
insert into clientes (id_cliente, nombre, apellido, email, telefono, id_state) values (80, 'Cicely', 'Scheu', 'cscheu27@cbc.ca', '(481) 2260805', 1);
insert into clientes (id_cliente, nombre, apellido, email, telefono, id_state) values (81, 'Ortensia', 'Douch', 'odouch28@china.com.cn', '(962) 4610021', 1);
insert into clientes (id_cliente, nombre, apellido, email, telefono, id_state) values (82, 'Ermentrude', 'Mallabund', 'emallabund29@utexas.edu', '(494) 2033814', 1);
insert into clientes (id_cliente, nombre, apellido, email, telefono, id_state) values (83, 'Gaynor', 'Cleaves', 'gcleaves2a@cnet.com', '(687) 1376870', 1);
insert into clientes (id_cliente, nombre, apellido, email, telefono, id_state) values (84, 'Cathi', 'Duxbarry', 'cduxbarry2b@uiuc.edu', '(438) 6707980', 1);
insert into clientes (id_cliente, nombre, apellido, email, telefono, id_state) values (85, 'Ursola', 'Walentynowicz', 'uwalentynowicz2c@yellowbook.com', '(423) 4643829', 1);
insert into clientes (id_cliente, nombre, apellido, email, telefono, id_state) values (86, 'Crystie', 'Batthew', 'cbatthew2d@meetup.com', '(437) 5423679', 1);
insert into clientes (id_cliente, nombre, apellido, email, telefono, id_state) values (87, 'Vincenty', 'Lownsbrough', 'vlownsbrough2e@ask.com', '(801) 2321615', 1);
insert into clientes (id_cliente, nombre, apellido, email, telefono, id_state) values (88, 'Jennie', 'Samsworth', 'jsamsworth2f@yellowpages.com', '(708) 8685753', 1);
insert into clientes (id_cliente, nombre, apellido, email, telefono, id_state) values (89, 'Wake', 'Guillard', 'wguillard2g@yelp.com', '(382) 1863915', 1);
insert into clientes (id_cliente, nombre, apellido, email, telefono, id_state) values (90, 'Ariel', 'Grund', 'agrund2h@hc360.com', '(280) 2327804', 1);
insert into clientes (id_cliente, nombre, apellido, email, telefono, id_state) values (91, 'Emmett', 'Derrington', 'ederrington2i@wiley.com', '(823) 6779280', 1);
insert into clientes (id_cliente, nombre, apellido, email, telefono, id_state) values (92, 'Napoleon', 'Yallowley', 'nyallowley2j@e-recht24.de', '(401) 6894581', 1);
insert into clientes (id_cliente, nombre, apellido, email, telefono, id_state) values (93, 'Bethina', 'Ector', 'bector2k@weather.com', '(278) 7764151', 1);
insert into clientes (id_cliente, nombre, apellido, email, telefono, id_state) values (94, 'Corny', 'Antushev', 'cantushev2l@ning.com', '(777) 9773537', 1);
insert into clientes (id_cliente, nombre, apellido, email, telefono, id_state) values (95, 'Erwin', 'Tace', 'etace2m@wisc.edu', '(515) 2336282', 1);
insert into clientes (id_cliente, nombre, apellido, email, telefono, id_state) values (96, 'Ricca', 'Renshaw', 'rrenshaw2n@icq.com', '(375) 2799835', 1);
insert into clientes (id_cliente, nombre, apellido, email, telefono, id_state) values (97, 'Kerwinn', 'Dugdale', 'kdugdale2o@topsy.com', '(244) 1214405', 1);
insert into clientes (id_cliente, nombre, apellido, email, telefono, id_state) values (98, 'Valery', 'Barfitt', 'vbarfitt2p@nyu.edu', '(896) 3941738', 1);
insert into clientes (id_cliente, nombre, apellido, email, telefono, id_state) values (99, 'Ulberto', 'Seabrocke', 'useabrocke2q@washingtonpost.com', '(762) 9141189', 1);
insert into clientes (id_cliente, nombre, apellido, email, telefono, id_state) values (100, 'Bambie', 'Wallege', 'bwallege2r@marriott.com', '(366) 5813705', 1);

-- --------------------------------------------------
-- --------------------CATEGORIA---------------------
-- --------------------------------------------------
insert into categorias (id_categoria, nombre) values (1, "Bebidas Alcoholicas");
insert into categorias (id_categoria, nombre) values (2, "Fiambres ");
insert into categorias (id_categoria, nombre) values (3, "Pastas");
insert into categorias (id_categoria, nombre) values (4, "Verduras ");
insert into categorias (id_categoria, nombre) values (5, "Carnes ");
insert into categorias (id_categoria, nombre) values (6, "Lacteos ");
insert into categorias (id_categoria, nombre) values (7, "Frutas ");
insert into categorias (id_categoria, nombre) values (8, "Bebidas Gaseosas ");
insert into categorias (id_categoria, nombre) values (9, "Articulos Limpieza");
insert into categorias (id_categoria, nombre) values (10, "Golosinas");

-- --------------------------------------------------
-- -------------------PROVEEDORES--------------------
-- --------------------------------------------------
insert into proveedores (id_proveedor, nombre, email, telefono) values (1, 'Kwinu', 'ppeople0@simplemachines.org', '(777) 7232334');
insert into proveedores (id_proveedor, nombre, email, telefono) values (2, 'Wikivu', 'rkohtler1@dropbox.com', '(972) 7662348');
insert into proveedores (id_proveedor, nombre, email, telefono) values (3, 'Jaxbean', 'tstreight2@oracle.com', '(473) 8106901');
insert into proveedores (id_proveedor, nombre, email, telefono) values (4, 'Fatz', 'bschonfelder3@un.org', '(732) 5311746');
insert into proveedores (id_proveedor, nombre, email, telefono) values (5, 'JumpXS', 'hboase4@tinyurl.com', '(546) 2724769');
insert into proveedores (id_proveedor, nombre, email, telefono) values (6, 'Podcat', 'mguerrier5@dagondesign.com', '(360) 2399064');
insert into proveedores (id_proveedor, nombre, email, telefono) values (7, 'Zoombeat', 'skiddey6@va.gov', '(246) 1492493');
insert into proveedores (id_proveedor, nombre, email, telefono) values (8, 'Twimm', 'rstanger7@bigcartel.com', '(924) 1957959');
insert into proveedores (id_proveedor, nombre, email, telefono) values (9, 'Wikibox', 'ostothart8@psu.edu', '(595) 7104683');
insert into proveedores (id_proveedor, nombre, email, telefono) values (10, 'Skippad', 'scicculi9@reverbnation.com', '(319) 2617001');
insert into proveedores (id_proveedor, nombre, email, telefono) values (11, 'Meeveo', 'abroxholmea@nhs.uk', '(749) 8805624');
insert into proveedores (id_proveedor, nombre, email, telefono) values (12, 'Jabberstorm', 'ggriswaiteb@xing.com', '(360) 1812716');
insert into proveedores (id_proveedor, nombre, email, telefono) values (13, 'Yakijo', 'hcastletonc@weebly.com', '(444) 1653637');
insert into proveedores (id_proveedor, nombre, email, telefono) values (14, 'Meejo', 'ghoxeyd@simplemachines.org', '(518) 5168467');
insert into proveedores (id_proveedor, nombre, email, telefono) values (15, 'Thoughtstorm', 'ddenerleye@drupal.org', '(455) 1659522');

-- --------------------------------------------------
-- --------------------PRODUCTOS--------------------- 
-- --------------------------------------------------
insert into productos (id_producto, nombre, descripcion, precio_venta, precio_compra, id_categoria, id_proveedor, id_state) values (1, 'Sal', ' b yXHEc LT E  FDv tlxIo XC L ', 22952.37, 49351.75, 10, 3, 1);
insert into productos (id_producto, nombre, descripcion, precio_venta, precio_compra, id_categoria, id_proveedor, id_state) values (2, 'Jabón', 'eG XYbeEDM Ve ZwHB  eIEu W x  ', 77069.49, 29595.54, 7, 5, 1);
insert into productos (id_producto, nombre, descripcion, precio_venta, precio_compra, id_categoria, id_proveedor, id_state) values (3, 'Salamin', ' ec   M YjFcAe H  GpO    Jf s ', 64555.15, 8718.43, 10, 6, 1);
insert into productos (id_producto, nombre, descripcion, precio_venta, precio_compra, id_categoria, id_proveedor, id_state) values (4, 'Queso', 'R      MII  aff Iv  FiU  OQglm', 75363.48, 20520.47, 1, 10, 1);
insert into productos (id_producto, nombre, descripcion, precio_venta, precio_compra, id_categoria, id_proveedor, id_state) values (5, 'Detergente', 'isPyR JOa Hp Ub qAK cH ZqUYszl', 21678.28, 24856.14, 8, 13, 1);
insert into productos (id_producto, nombre, descripcion, precio_venta, precio_compra, id_categoria, id_proveedor, id_state) values (6, 'Huevos', 'X SfU du Ct T  pX  is Osa Me  ', 51049.85, 6265.77, 8, 7, 1);
insert into productos (id_producto, nombre, descripcion, precio_venta, precio_compra, id_categoria, id_proveedor, id_state) values (7, 'Aceite', 'tDwE AmRXxpHIyT Vo  fD  XCva h', 25711.91, 20333.56, 2, 15, 1);
insert into productos (id_producto, nombre, descripcion, precio_venta, precio_compra, id_categoria, id_proveedor, id_state) values (8, 'Huevos', ' ZQIeaxa  bEcHzlusMUt V O T  L', 77914.37, 17940.23, 10, 10, 1);
insert into productos (id_producto, nombre, descripcion, precio_venta, precio_compra, id_categoria, id_proveedor, id_state) values (9, 'Pan', 'Y h IL  eG Re  qnLx sZHQ tceUN', 97499.6, 17664.33, 10, 2, 1);
insert into productos (id_producto, nombre, descripcion, precio_venta, precio_compra, id_categoria, id_proveedor, id_state) values (10, 'Galletas', '  LV RWJmm XMvoc cv  MKMY K tA', 49024.66, 40572.46, 3, 3, 1);
insert into productos (id_producto, nombre, descripcion, precio_venta, precio_compra, id_categoria, id_proveedor, id_state) values (11, 'Coca-Cola', 'AyLd C xpwz  U Ij  NRSY HhSW  ', 41291.68, 22141.03, 6, 3, 1);
insert into productos (id_producto, nombre, descripcion, precio_venta, precio_compra, id_categoria, id_proveedor, id_state) values (12, 'Pan', 'PSuiq U WGLN n V gaksRA Ba   D', 44788.51, 42329.19, 9, 2, 1);
insert into productos (id_producto, nombre, descripcion, precio_venta, precio_compra, id_categoria, id_proveedor, id_state) values (13, 'Carne', ' cDeMR   D xBL RKC   KdoBd  aV', 21753.06, 9707.08, 9, 12, 1);
insert into productos (id_producto, nombre, descripcion, precio_venta, precio_compra, id_categoria, id_proveedor, id_state) values (14, 'Aceite', 'vlfIvh  lNkwBjpw MTZdyPtYOWik ', 45151.35, 31212.33, 1, 1, 1);
insert into productos (id_producto, nombre, descripcion, precio_venta, precio_compra, id_categoria, id_proveedor, id_state) values (15, 'Carne', 'vGcB H nAt fUsuf YeYR pBWwhU t', 40580.85, 5520.73, 8, 15, 1);
insert into productos (id_producto, nombre, descripcion, precio_venta, precio_compra, id_categoria, id_proveedor, id_state) values (16, 'Jabón', '    zXmk sLxKJp VE  yuugOVv   ', 88683.82, 45138.97, 9, 13, 1);
insert into productos (id_producto, nombre, descripcion, precio_venta, precio_compra, id_categoria, id_proveedor, id_state) values (17, 'Dentrifico', 'ThV  DEoV upVfTfXZVM  Fyg x  W', 48180.18, 23062.13, 1, 5, 1);
insert into productos (id_producto, nombre, descripcion, precio_venta, precio_compra, id_categoria, id_proveedor, id_state) values (18, 'Leche', ' q  gGvDnhZQamwK    ZNUD  Ax p', 4903.96, 49465.1, 2, 6, 1);
insert into productos (id_producto, nombre, descripcion, precio_venta, precio_compra, id_categoria, id_proveedor, id_state) values (19, 'Huevos', 'jLTJMK   RF  zMQQe otif L w oY', 88645.2, 49055.9, 4, 7, 1);
insert into productos (id_producto, nombre, descripcion, precio_venta, precio_compra, id_categoria, id_proveedor, id_state) values (20, 'Azúcar', ' vcFSgEQtGLknfM Ky W  C rwyr d', 69923.71, 41572.03, 7, 5, 1);
insert into productos (id_producto, nombre, descripcion, precio_venta, precio_compra, id_categoria, id_proveedor, id_state) values (21, 'Vino', 'zG Oy  usI  z IRi ezT KXfw IHF', 31122.86, 622.39, 8, 1, 1);
insert into productos (id_producto, nombre, descripcion, precio_venta, precio_compra, id_categoria, id_proveedor, id_state) values (22, 'Arroz', 'aEcKmfZ  b   i ewrr T v  MR aQ', 76290.92, 40948.48, 10, 12, 1);
insert into productos (id_producto, nombre, descripcion, precio_venta, precio_compra, id_categoria, id_proveedor, id_state) values (23, 'Sal', '  Jv U PDPEL HwBYwE  t Mg KW A', 44926.07, 15215.66, 7, 8, 1);
insert into productos (id_producto, nombre, descripcion, precio_venta, precio_compra, id_categoria, id_proveedor, id_state) values (24, 'Café', 'nS hvc Z   z TBrYz e MJsb WDLu', 693.96, 29599.42, 6, 7, 1);
insert into productos (id_producto, nombre, descripcion, precio_venta, precio_compra, id_categoria, id_proveedor, id_state) values (25, 'Detergente', 'qAa  IF  leE YX f m cI f  WO  ', 78164.4, 29349.77, 1, 4, 1);
insert into productos (id_producto, nombre, descripcion, precio_venta, precio_compra, id_categoria, id_proveedor, id_state) values (26, 'Pan', 'R LX JSSVlg BjaYkkQU   pxKWq b', 61997.57, 10633.91, 4, 1, 1);
insert into productos (id_producto, nombre, descripcion, precio_venta, precio_compra, id_categoria, id_proveedor, id_state) values (27, 'Carne', 't g   UtNQwZ   bX qZ  owL kpap', 69716.45, 38456.38, 2, 9, 1);
insert into productos (id_producto, nombre, descripcion, precio_venta, precio_compra, id_categoria, id_proveedor, id_state) values (28, 'Sprite', '  fDJfkrnBGWwOihdOvkYYw L  E x', 90677.22, 16593.52, 7, 7, 1);
insert into productos (id_producto, nombre, descripcion, precio_venta, precio_compra, id_categoria, id_proveedor, id_state) values (29, 'Sprite', ' O q Y t UH bv s LO    Ek b  V', 6541.04, 40037.37, 6, 9, 1);
insert into productos (id_producto, nombre, descripcion, precio_venta, precio_compra, id_categoria, id_proveedor, id_state) values (30, 'Queso', ' Sccjb rxXJBq JXrK uKSC DN Q F', 83246.32, 6658.98, 4, 8, 1);
insert into productos (id_producto, nombre, descripcion, precio_venta, precio_compra, id_categoria, id_proveedor, id_state) values (31, 'Galletas', 'MOg cXbaCjyhzseF WlW w OitGK L', 67690.68, 15941.45, 6, 12, 1);
insert into productos (id_producto, nombre, descripcion, precio_venta, precio_compra, id_categoria, id_proveedor, id_state) values (32, 'Leche', 'NMqbSDGtKVoSSa  Z z p  z  jE b', 67956.29, 23534.62, 3, 7, 1);
insert into productos (id_producto, nombre, descripcion, precio_venta, precio_compra, id_categoria, id_proveedor, id_state) values (33, 'Vino', '   wPqd x LydpsWue TCK bEENJOo', 61287.05, 14575.87, 8, 7, 1);
insert into productos (id_producto, nombre, descripcion, precio_venta, precio_compra, id_categoria, id_proveedor, id_state) values (34, 'Pasta', 'F XgNKpdH TuWjK  Ck v  I Sh hB', 11556.53, 26423.5, 8, 12, 1);
insert into productos (id_producto, nombre, descripcion, precio_venta, precio_compra, id_categoria, id_proveedor, id_state) values (35, 'Arroz', 'tvdc Yi K JD kQ   phpmvzQf CHb', 71451.69, 33284.49, 5, 9, 1);
insert into productos (id_producto, nombre, descripcion, precio_venta, precio_compra, id_categoria, id_proveedor, id_state) values (36, 'Café', 'xQAFnOHIP    A g oW e  lZmQO  ', 65743.69, 47804.62, 10, 8, 1);
insert into productos (id_producto, nombre, descripcion, precio_venta, precio_compra, id_categoria, id_proveedor, id_state) values (37, 'Café', '  mtz pn EIvJB BxVmu CXNv ZGHX', 95385.56, 28107.75, 7, 8, 1);
insert into productos (id_producto, nombre, descripcion, precio_venta, precio_compra, id_categoria, id_proveedor, id_state) values (38, 'Aceite', 'n RshX dh  G W  WKi       huN ', 14813.4, 26626.92, 7, 4, 1);
insert into productos (id_producto, nombre, descripcion, precio_venta, precio_compra, id_categoria, id_proveedor, id_state) values (39, 'Salamin', 'eiagMAF FLy sJCcU ImFGj FLwG  ', 61606.96, 37265.42, 5, 7, 1);
insert into productos (id_producto, nombre, descripcion, precio_venta, precio_compra, id_categoria, id_proveedor, id_state) values (40, 'Carne', 'PkPyTCF Lz    U  O  FLeS B FIm', 38984.39, 1318.57, 9, 3, 1);
insert into productos (id_producto, nombre, descripcion, precio_venta, precio_compra, id_categoria, id_proveedor, id_state) values (41, 'Vino', 'CC bBfA l ST  gw v e U  C  z L', 45638.03, 46264.6, 9, 4, 1);
insert into productos (id_producto, nombre, descripcion, precio_venta, precio_compra, id_categoria, id_proveedor, id_state) values (42, 'Dentrifico', 'kYMlsRBO nLNs Tv    vPfLFFXtvG', 97844.08, 49511.71, 4, 11, 1);
insert into productos (id_producto, nombre, descripcion, precio_venta, precio_compra, id_categoria, id_proveedor, id_state) values (43, 'Vino', ' z Jc evaQ HWhx M NR doBra O  ', 29957.53, 3175.09, 7, 1, 1);
insert into productos (id_producto, nombre, descripcion, precio_venta, precio_compra, id_categoria, id_proveedor, id_state) values (44, 'Jabón', ' F wH  y ScRGBWVWse q D   I vB', 61419.09, 36733.15, 10, 10, 1);
insert into productos (id_producto, nombre, descripcion, precio_venta, precio_compra, id_categoria, id_proveedor, id_state) values (45, 'Vino', 'p    fX  K kZSp Q qbD K Y J WS', 92395.46, 19016.41, 7, 2, 1);
insert into productos (id_producto, nombre, descripcion, precio_venta, precio_compra, id_categoria, id_proveedor, id_state) values (46, 'Cerveza', '  I mD BYE sHRPG P   sl   PD S', 59575.5, 49717.54, 5, 13, 1);
insert into productos (id_producto, nombre, descripcion, precio_venta, precio_compra, id_categoria, id_proveedor, id_state) values (47, 'Aceite', 'HiJCf qhImO hm Z brfGH DS z K ', 12497.24, 26808.29, 9, 11, 1);
insert into productos (id_producto, nombre, descripcion, precio_venta, precio_compra, id_categoria, id_proveedor, id_state) values (48, 'Pan', '  iUh pls JU iY HXFTQXs xT zGD', 59571.33, 11534.94, 7, 1, 1);
insert into productos (id_producto, nombre, descripcion, precio_venta, precio_compra, id_categoria, id_proveedor, id_state) values (49, 'Detergente', 'lQ  oEd SbEhCKZrP  JT rpT Yy W', 76182.87, 2216.71, 2, 3, 1);
insert into productos (id_producto, nombre, descripcion, precio_venta, precio_compra, id_categoria, id_proveedor, id_state) values (50, 'Leche', 'Bcwtj qS  A  JtTidO vskw l UGv', 55413.88, 13036.53, 6, 5, 1);
insert into productos (id_producto, nombre, descripcion, precio_venta, precio_compra, id_categoria, id_proveedor, id_state) values (51, 'Detergente', ' SMrw t R mmcigLsV cySHQeY  Uw', 22407.98, 33056.0, 8, 2, 1);
insert into productos (id_producto, nombre, descripcion, precio_venta, precio_compra, id_categoria, id_proveedor, id_state) values (52, 'Pan', 'XiH  OQt wgRuLYRI  c XIHv H U ', 27621.38, 28452.91, 5, 12, 1);
insert into productos (id_producto, nombre, descripcion, precio_venta, precio_compra, id_categoria, id_proveedor, id_state) values (53, 'Vino', ' LMY  MwjjVA  h em  A DwO D Pv', 2847.33, 32963.67, 1, 12, 1);
insert into productos (id_producto, nombre, descripcion, precio_venta, precio_compra, id_categoria, id_proveedor, id_state) values (54, 'Cerveza', 'agB fWxs jn Jt wDB  PuIDqTN Fi', 63261.29, 2061.28, 7, 8, 1);
insert into productos (id_producto, nombre, descripcion, precio_venta, precio_compra, id_categoria, id_proveedor, id_state) values (55, 'Coca-Cola', 'T K   xhPQ iekG pGq fM lWK yNe', 70063.49, 6837.38, 5, 10, 1);
insert into productos (id_producto, nombre, descripcion, precio_venta, precio_compra, id_categoria, id_proveedor, id_state) values (56, 'Café', 'o S L j  W pzdwi  oB I   yfIX ', 258.09, 17264.45, 8, 4, 1);
insert into productos (id_producto, nombre, descripcion, precio_venta, precio_compra, id_categoria, id_proveedor, id_state) values (57, 'Dentrifico', ' TAr OIVErE R kkEci   GeKRQNi ', 34557.61, 20618.4, 9, 13, 1);
insert into productos (id_producto, nombre, descripcion, precio_venta, precio_compra, id_categoria, id_proveedor, id_state) values (58, 'Coca-Cola', ' T RgR g TVbCuXsRrE  N DTepomE', 16772.89, 34171.16, 3, 14, 1);
insert into productos (id_producto, nombre, descripcion, precio_venta, precio_compra, id_categoria, id_proveedor, id_state) values (59, 'Café', 'yoNK ZO kb ToAyNlD   UzGy TgjU', 58540.05, 5200.05, 10, 7, 1);
insert into productos (id_producto, nombre, descripcion, precio_venta, precio_compra, id_categoria, id_proveedor, id_state) values (60, 'Sprite', ' Z zMDlEOLgjYYYWRMSjto WJQ  CT', 67423.19, 46475.33, 6, 4, 1);
insert into productos (id_producto, nombre, descripcion, precio_venta, precio_compra, id_categoria, id_proveedor, id_state) values (61, 'Vino', '  S     W   ikZb C aXe oE Y P ', 47024.45, 42802.62, 1, 9, 1);
insert into productos (id_producto, nombre, descripcion, precio_venta, precio_compra, id_categoria, id_proveedor, id_state) values (62, 'Arroz', 'fz   T BQDAg jIGl s sGW M Rwh ', 38412.62, 47491.29, 1, 15, 1);
insert into productos (id_producto, nombre, descripcion, precio_venta, precio_compra, id_categoria, id_proveedor, id_state) values (63, 'Dentrifico', 'uQy wXFuc Quz Qy   XY GHk SjEa', 88131.0, 24343.53, 5, 6, 1);
insert into productos (id_producto, nombre, descripcion, precio_venta, precio_compra, id_categoria, id_proveedor, id_state) values (64, 'Aceite', 'cZ N RxS   VPEyMYro XRCr  MERS', 68772.2, 1912.87, 7, 9, 1);
insert into productos (id_producto, nombre, descripcion, precio_venta, precio_compra, id_categoria, id_proveedor, id_state) values (65, 'Sal', 'NMUrWI WY OH t  e zksY U d ZCD', 9529.81, 29227.4, 4, 3, 1);
insert into productos (id_producto, nombre, descripcion, precio_venta, precio_compra, id_categoria, id_proveedor, id_state) values (66, 'Sprite', '   Nh   MU  V ZAVDyPfZ bQ CyRn', 9440.63, 43457.56, 3, 6, 1);
insert into productos (id_producto, nombre, descripcion, precio_venta, precio_compra, id_categoria, id_proveedor, id_state) values (67, 'Sal', '  nG   cIL qHtWXpUgxbC  nTr R ', 17417.31, 42285.19, 9, 11, 1);
insert into productos (id_producto, nombre, descripcion, precio_venta, precio_compra, id_categoria, id_proveedor, id_state) values (68, 'Detergente', 'B    Le  A RaV IxJmE J FnR p k', 52938.34, 21456.77, 8, 8, 1);
insert into productos (id_producto, nombre, descripcion, precio_venta, precio_compra, id_categoria, id_proveedor, id_state) values (69, 'Vino', 'kTUC  RmoGPO   z N aqw O   FSI', 94180.51, 38749.66, 6, 7, 1);
insert into productos (id_producto, nombre, descripcion, precio_venta, precio_compra, id_categoria, id_proveedor, id_state) values (70, 'Aceite', 'Z daezDv    nJopG  QZ EKN UW  ', 13990.77, 49559.38, 9, 5, 1);
insert into productos (id_producto, nombre, descripcion, precio_venta, precio_compra, id_categoria, id_proveedor, id_state) values (71, 'Sprite', 'gGV Jx aiadJ c yN sX CO xwroD ', 96862.46, 30540.88, 5, 14, 1);
insert into productos (id_producto, nombre, descripcion, precio_venta, precio_compra, id_categoria, id_proveedor, id_state) values (72, 'Sal', 'dq   jSniHt cA JZjH dL vcCO bq', 42193.51, 14033.65, 5, 6, 1);
insert into productos (id_producto, nombre, descripcion, precio_venta, precio_compra, id_categoria, id_proveedor, id_state) values (73, 'Arroz', 'U U l   wOn Bl g Ty   lr S Z  ', 53263.01, 49586.82, 4, 14, 1);
insert into productos (id_producto, nombre, descripcion, precio_venta, precio_compra, id_categoria, id_proveedor, id_state) values (74, 'Vino', 'C RTgfT XP w  Wl dXF AEGjKl Tg', 23200.9, 21895.69, 3, 11, 1);
insert into productos (id_producto, nombre, descripcion, precio_venta, precio_compra, id_categoria, id_proveedor, id_state) values (75, 'Coca-Cola', 'AEcTLdjPe  r gt dj  iDO Ed Nzm', 82797.09, 11003.73, 1, 11, 1);
insert into productos (id_producto, nombre, descripcion, precio_venta, precio_compra, id_categoria, id_proveedor, id_state) values (76, 'Vino', 'j   M  qreOwoKA dt ylwFfb    J', 37096.93, 34682.81, 5, 14, 1);
insert into productos (id_producto, nombre, descripcion, precio_venta, precio_compra, id_categoria, id_proveedor, id_state) values (77, 'Vino', '  fp    l k AzkkR    e zL M  n', 96908.31, 40440.81, 3, 11, 1);
insert into productos (id_producto, nombre, descripcion, precio_venta, precio_compra, id_categoria, id_proveedor, id_state) values (78, 'Arroz', 'k V uDwGQ  jerlp dk  D z  W   ', 89969.6, 30432.92, 9, 11, 1);
insert into productos (id_producto, nombre, descripcion, precio_venta, precio_compra, id_categoria, id_proveedor, id_state) values (79, 'Pasta', 'BJkG  g n mVnwGVL xq b OR  hK ', 37116.54, 44234.43, 4, 2, 1);
insert into productos (id_producto, nombre, descripcion, precio_venta, precio_compra, id_categoria, id_proveedor, id_state) values (80, 'Leche', ' R dZ J   U  h liTU   vMFe j Z', 54701.76, 48412.11, 1, 4, 1);
insert into productos (id_producto, nombre, descripcion, precio_venta, precio_compra, id_categoria, id_proveedor, id_state) values (81, 'Leche', 'J cowyp ceDiiSrV LWGGEA muI w ', 6537.38, 32935.93, 1, 9, 1);
insert into productos (id_producto, nombre, descripcion, precio_venta, precio_compra, id_categoria, id_proveedor, id_state) values (82, 'Salamin', ' F  lScE JNZ rv DmayI uyoJ  vj', 67517.24, 21780.33, 8, 5, 1);
insert into productos (id_producto, nombre, descripcion, precio_venta, precio_compra, id_categoria, id_proveedor, id_state) values (83, 'Queso', 'RKgVh kZCxrvelJ z  T tmsxKmhpY', 82513.29, 11490.62, 3, 7, 1);
insert into productos (id_producto, nombre, descripcion, precio_venta, precio_compra, id_categoria, id_proveedor, id_state) values (84, 'Carne', 't EpRUH  A  ttbtm  z W    oh Y', 49728.25, 1931.89, 1, 15, 1);
insert into productos (id_producto, nombre, descripcion, precio_venta, precio_compra, id_categoria, id_proveedor, id_state) values (85, 'Azúcar', ' MdDW Z W i  s  X VL C aBYDzzw', 40945.94, 9597.59, 10, 14, 1);
insert into productos (id_producto, nombre, descripcion, precio_venta, precio_compra, id_categoria, id_proveedor, id_state) values (86, 'Sal', ' MvVLJ Ui W y WtF CiZS n  EIu ', 10912.8, 12768.5, 4, 9, 1);
insert into productos (id_producto, nombre, descripcion, precio_venta, precio_compra, id_categoria, id_proveedor, id_state) values (87, 'Sprite', ' Qv p k G    DsXO WuD u DyL K ', 52024.54, 9171.47, 10, 11, 1);
insert into productos (id_producto, nombre, descripcion, precio_venta, precio_compra, id_categoria, id_proveedor, id_state) values (88, 'Cerveza', 'Mcu TO T eGTZIeOw Kb girg     ', 89103.48, 18777.66, 2, 7, 1);
insert into productos (id_producto, nombre, descripcion, precio_venta, precio_compra, id_categoria, id_proveedor, id_state) values (89, 'Café', 'N Gb R JtOW  w IwZKIwNp y N Y ', 8305.16, 8829.44, 9, 8, 1);
insert into productos (id_producto, nombre, descripcion, precio_venta, precio_compra, id_categoria, id_proveedor, id_state) values (90, 'Queso', 'VxzVsr    xE gLVeRu  D  E  H  ', 78870.07, 32156.24, 4, 6, 1);
insert into productos (id_producto, nombre, descripcion, precio_venta, precio_compra, id_categoria, id_proveedor, id_state) values (91, 'Cereal', 'fvuO feT  v YNomzd LzMP khsrq ', 40263.45, 45991.31, 1, 10, 1);
insert into productos (id_producto, nombre, descripcion, precio_venta, precio_compra, id_categoria, id_proveedor, id_state) values (92, 'Galletas', 'u eiOtyk PjB LotB KTkqo fpC   ', 63951.99, 6980.65, 7, 10, 1);
insert into productos (id_producto, nombre, descripcion, precio_venta, precio_compra, id_categoria, id_proveedor, id_state) values (93, 'Coca-Cola', 'jLRlK gYL  uMueET dCMc    J bn', 5839.23, 5466.78, 4, 13, 1);
insert into productos (id_producto, nombre, descripcion, precio_venta, precio_compra, id_categoria, id_proveedor, id_state) values (94, 'Café', 'Gp WmkvJ COYl aR in MzsxY VAh ', 57091.51, 5506.51, 7, 8, 1);
insert into productos (id_producto, nombre, descripcion, precio_venta, precio_compra, id_categoria, id_proveedor, id_state) values (95, 'Sprite', ' pa F OspFj LuEactTzo dAB  bME', 92565.25, 45743.57, 2, 4, 1);
insert into productos (id_producto, nombre, descripcion, precio_venta, precio_compra, id_categoria, id_proveedor, id_state) values (96, 'Carne', 'jVtDLkW LX R  ZBGubDuFaWH vLhw', 71399.96, 38306.91, 9, 5, 1);
insert into productos (id_producto, nombre, descripcion, precio_venta, precio_compra, id_categoria, id_proveedor, id_state) values (97, 'Queso', ' blb  pJ c p AX  k vGr u b jiG', 70617.99, 47462.08, 1, 1, 1);
insert into productos (id_producto, nombre, descripcion, precio_venta, precio_compra, id_categoria, id_proveedor, id_state) values (98, 'Arroz', ' PoDAYU fiILUy zHacwF Occ  ct ', 77872.45, 33704.51, 5, 8, 1);
insert into productos (id_producto, nombre, descripcion, precio_venta, precio_compra, id_categoria, id_proveedor, id_state) values (99, 'Cerveza', 'Q eS DZTl gGQmt SkZ c IZglp B ', 35294.07, 20928.14, 7, 1, 1);
insert into productos (id_producto, nombre, descripcion, precio_venta, precio_compra, id_categoria, id_proveedor, id_state) values (100, 'Cereal', 'J KbW  KqF SK p    E DDId  X  ', 45716.93, 9786.84, 1, 8, 1);

-- --------------------------------------------------
-- ---------------PAGO A PROVEEDORES-----------------
-- --------------------------------------------------
insert into pago_proveedores (id_pago_proveedor, id_producto, cantidad, fecha, total, id_state) values (1, 34, 64, '2023-07-11 20:52:33', 307411.65, 1);
insert into pago_proveedores (id_pago_proveedor, id_producto, cantidad, fecha, total, id_state) values (2, 35, 44, '2024-01-14 21:39:18', 232947.92, 1);
insert into pago_proveedores (id_pago_proveedor, id_producto, cantidad, fecha, total, id_state) values (3, 22, 68, '2023-11-19 10:16:02', 371803.61, 1);
insert into pago_proveedores (id_pago_proveedor, id_producto, cantidad, fecha, total, id_state) values (4, 98, 29, '2023-04-08 00:47:24', 946289.66, 1);
insert into pago_proveedores (id_pago_proveedor, id_producto, cantidad, fecha, total, id_state) values (5, 84, 29, '2023-08-12 01:38:21', 268755.21, 1);
insert into pago_proveedores (id_pago_proveedor, id_producto, cantidad, fecha, total, id_state) values (6, 53, 95, '2024-03-03 11:11:23', 238634.89, 1);
insert into pago_proveedores (id_pago_proveedor, id_producto, cantidad, fecha, total, id_state) values (7, 76, 10, '2023-04-04 20:51:23', 207998.34, 1);
insert into pago_proveedores (id_pago_proveedor, id_producto, cantidad, fecha, total, id_state) values (8, 18, 89, '2023-10-02 02:28:58', 58641.86, 1);
insert into pago_proveedores (id_pago_proveedor, id_producto, cantidad, fecha, total, id_state) values (9, 23, 41, '2023-09-19 18:59:35', 449964.33, 1);
insert into pago_proveedores (id_pago_proveedor, id_producto, cantidad, fecha, total, id_state) values (10, 37, 37, '2024-02-27 21:20:02', 238108.82, 1);
insert into pago_proveedores (id_pago_proveedor, id_producto, cantidad, fecha, total, id_state) values (11, 46, 8, '2023-12-20 12:52:34', 981702.73, 1);
insert into pago_proveedores (id_pago_proveedor, id_producto, cantidad, fecha, total, id_state) values (12, 31, 93, '2023-06-16 23:37:02', 694207.1, 1);
insert into pago_proveedores (id_pago_proveedor, id_producto, cantidad, fecha, total, id_state) values (13, 96, 91, '2023-07-18 21:51:19', 726700.75, 1);
insert into pago_proveedores (id_pago_proveedor, id_producto, cantidad, fecha, total, id_state) values (14, 27, 4, '2024-03-04 13:54:17', 399529.81, 1);
insert into pago_proveedores (id_pago_proveedor, id_producto, cantidad, fecha, total, id_state) values (15, 9, 31, '2023-06-14 07:11:36', 603354.94, 1);
insert into pago_proveedores (id_pago_proveedor, id_producto, cantidad, fecha, total, id_state) values (16, 50, 6, '2023-07-16 00:46:39', 851570.5, 1);
insert into pago_proveedores (id_pago_proveedor, id_producto, cantidad, fecha, total, id_state) values (17, 95, 58, '2023-05-08 02:50:25', 119096.31, 1);
insert into pago_proveedores (id_pago_proveedor, id_producto, cantidad, fecha, total, id_state) values (18, 84, 26, '2023-06-01 10:47:12', 156097.88, 1);
insert into pago_proveedores (id_pago_proveedor, id_producto, cantidad, fecha, total, id_state) values (19, 53, 93, '2024-03-02 02:39:28', 253778.41, 1);
insert into pago_proveedores (id_pago_proveedor, id_producto, cantidad, fecha, total, id_state) values (20, 90, 26, '2023-10-30 15:21:44', 183871.09, 1);
insert into pago_proveedores (id_pago_proveedor, id_producto, cantidad, fecha, total, id_state) values (21, 74, 39, '2023-10-10 07:43:12', 179828.76, 1);
insert into pago_proveedores (id_pago_proveedor, id_producto, cantidad, fecha, total, id_state) values (22, 46, 31, '2023-12-07 22:54:34', 119619.88, 1);
insert into pago_proveedores (id_pago_proveedor, id_producto, cantidad, fecha, total, id_state) values (23, 64, 31, '2023-09-29 15:06:07', 351583.96, 1);
insert into pago_proveedores (id_pago_proveedor, id_producto, cantidad, fecha, total, id_state) values (24, 60, 36, '2023-10-20 02:22:11', 932511.22, 1);
insert into pago_proveedores (id_pago_proveedor, id_producto, cantidad, fecha, total, id_state) values (25, 79, 12, '2023-03-26 23:00:25', 376987.15, 1);
insert into pago_proveedores (id_pago_proveedor, id_producto, cantidad, fecha, total, id_state) values (26, 38, 61, '2023-07-18 18:12:11', 50847.93, 1);
insert into pago_proveedores (id_pago_proveedor, id_producto, cantidad, fecha, total, id_state) values (27, 86, 85, '2023-07-15 09:31:37', 194459.96, 1);
insert into pago_proveedores (id_pago_proveedor, id_producto, cantidad, fecha, total, id_state) values (28, 73, 81, '2023-11-20 19:16:41', 728641.11, 1);
insert into pago_proveedores (id_pago_proveedor, id_producto, cantidad, fecha, total, id_state) values (29, 13, 3, '2023-06-15 10:08:43', 41369.49, 1);
insert into pago_proveedores (id_pago_proveedor, id_producto, cantidad, fecha, total, id_state) values (30, 86, 68, '2023-12-20 19:13:07', 343212.72, 1);
insert into pago_proveedores (id_pago_proveedor, id_producto, cantidad, fecha, total, id_state) values (31, 92, 16, '2023-10-11 11:57:29', 949432.55, 1);
insert into pago_proveedores (id_pago_proveedor, id_producto, cantidad, fecha, total, id_state) values (32, 93, 56, '2023-06-27 03:20:26', 706287.5, 1);
insert into pago_proveedores (id_pago_proveedor, id_producto, cantidad, fecha, total, id_state) values (33, 96, 33, '2023-12-26 15:46:10', 995318.03, 1);
insert into pago_proveedores (id_pago_proveedor, id_producto, cantidad, fecha, total, id_state) values (34, 54, 18, '2023-05-28 21:31:02', 253615.37, 1);
insert into pago_proveedores (id_pago_proveedor, id_producto, cantidad, fecha, total, id_state) values (35, 68, 86, '2023-12-02 09:06:00', 393741.7, 1);
insert into pago_proveedores (id_pago_proveedor, id_producto, cantidad, fecha, total, id_state) values (36, 51, 81, '2023-09-05 09:17:45', 654322.76, 1);
insert into pago_proveedores (id_pago_proveedor, id_producto, cantidad, fecha, total, id_state) values (37, 49, 65, '2024-01-10 05:12:32', 86976.96, 1);
insert into pago_proveedores (id_pago_proveedor, id_producto, cantidad, fecha, total, id_state) values (38, 31, 22, '2023-11-11 00:52:48', 661009.38, 1);
insert into pago_proveedores (id_pago_proveedor, id_producto, cantidad, fecha, total, id_state) values (39, 42, 50, '2023-08-15 00:28:50', 466828.16, 1);
insert into pago_proveedores (id_pago_proveedor, id_producto, cantidad, fecha, total, id_state) values (40, 21, 16, '2023-11-28 17:40:47', 445767.14, 1);
insert into pago_proveedores (id_pago_proveedor, id_producto, cantidad, fecha, total, id_state) values (41, 78, 82, '2023-09-08 08:39:30', 522742.85, 1);
insert into pago_proveedores (id_pago_proveedor, id_producto, cantidad, fecha, total, id_state) values (42, 51, 18, '2023-10-03 00:27:06', 199765.31, 1);
insert into pago_proveedores (id_pago_proveedor, id_producto, cantidad, fecha, total, id_state) values (43, 31, 55, '2023-07-27 17:43:57', 188053.65, 1);
insert into pago_proveedores (id_pago_proveedor, id_producto, cantidad, fecha, total, id_state) values (44, 83, 38, '2024-03-01 15:18:04', 590572.8, 1);
insert into pago_proveedores (id_pago_proveedor, id_producto, cantidad, fecha, total, id_state) values (45, 55, 17, '2023-05-23 09:12:01', 836610.42, 1);
insert into pago_proveedores (id_pago_proveedor, id_producto, cantidad, fecha, total, id_state) values (46, 25, 7, '2023-05-24 20:59:09', 400734.78, 1);
insert into pago_proveedores (id_pago_proveedor, id_producto, cantidad, fecha, total, id_state) values (47, 24, 9, '2024-02-09 02:35:44', 889634.92, 1);
insert into pago_proveedores (id_pago_proveedor, id_producto, cantidad, fecha, total, id_state) values (48, 9, 41, '2023-08-21 11:28:41', 980415.33, 1);
insert into pago_proveedores (id_pago_proveedor, id_producto, cantidad, fecha, total, id_state) values (49, 45, 5, '2023-05-16 20:25:21', 288359.09, 1);
insert into pago_proveedores (id_pago_proveedor, id_producto, cantidad, fecha, total, id_state) values (50, 32, 14, '2023-09-06 03:41:57', 968194.5, 1);
insert into pago_proveedores (id_pago_proveedor, id_producto, cantidad, fecha, total, id_state) values (51, 97, 39, '2023-05-19 22:13:01', 881305.53, 1);
insert into pago_proveedores (id_pago_proveedor, id_producto, cantidad, fecha, total, id_state) values (52, 69, 99, '2023-07-07 21:30:45', 282640.08, 1);
insert into pago_proveedores (id_pago_proveedor, id_producto, cantidad, fecha, total, id_state) values (53, 53, 76, '2024-01-23 07:44:10', 292572.67, 1);
insert into pago_proveedores (id_pago_proveedor, id_producto, cantidad, fecha, total, id_state) values (54, 17, 12, '2023-06-09 14:07:01', 796645.33, 1);
insert into pago_proveedores (id_pago_proveedor, id_producto, cantidad, fecha, total, id_state) values (55, 45, 47, '2023-05-23 23:02:53', 791216.67, 1);
insert into pago_proveedores (id_pago_proveedor, id_producto, cantidad, fecha, total, id_state) values (56, 41, 29, '2023-10-17 07:58:14', 296469.52, 1);
insert into pago_proveedores (id_pago_proveedor, id_producto, cantidad, fecha, total, id_state) values (57, 54, 71, '2023-10-28 23:22:24', 715607.87, 1);
insert into pago_proveedores (id_pago_proveedor, id_producto, cantidad, fecha, total, id_state) values (58, 94, 6, '2024-02-02 14:28:10', 945475.93, 1);
insert into pago_proveedores (id_pago_proveedor, id_producto, cantidad, fecha, total, id_state) values (59, 14, 28, '2024-03-02 14:12:24', 472398.22, 1);
insert into pago_proveedores (id_pago_proveedor, id_producto, cantidad, fecha, total, id_state) values (60, 1, 31, '2023-07-18 22:28:52', 643049.92, 1);
insert into pago_proveedores (id_pago_proveedor, id_producto, cantidad, fecha, total, id_state) values (61, 36, 34, '2024-01-12 08:42:14', 911465.24, 1);
insert into pago_proveedores (id_pago_proveedor, id_producto, cantidad, fecha, total, id_state) values (62, 6, 84, '2023-08-31 07:21:03', 111820.22, 1);
insert into pago_proveedores (id_pago_proveedor, id_producto, cantidad, fecha, total, id_state) values (63, 59, 5, '2023-11-22 13:00:39', 501250.14, 1);
insert into pago_proveedores (id_pago_proveedor, id_producto, cantidad, fecha, total, id_state) values (64, 46, 60, '2023-06-18 18:54:33', 393547.99, 1);
insert into pago_proveedores (id_pago_proveedor, id_producto, cantidad, fecha, total, id_state) values (65, 42, 5, '2024-02-06 03:43:26', 788533.55, 1);
insert into pago_proveedores (id_pago_proveedor, id_producto, cantidad, fecha, total, id_state) values (66, 80, 51, '2023-07-08 03:07:56', 668238.41, 1);
insert into pago_proveedores (id_pago_proveedor, id_producto, cantidad, fecha, total, id_state) values (67, 92, 36, '2024-01-07 20:18:32', 551122.55, 1);
insert into pago_proveedores (id_pago_proveedor, id_producto, cantidad, fecha, total, id_state) values (68, 17, 7, '2024-03-05 13:22:38', 340888.44, 1);
insert into pago_proveedores (id_pago_proveedor, id_producto, cantidad, fecha, total, id_state) values (69, 57, 53, '2023-08-26 12:54:38', 702138.66, 1);
insert into pago_proveedores (id_pago_proveedor, id_producto, cantidad, fecha, total, id_state) values (70, 81, 94, '2023-07-30 19:35:30', 545089.11, 1);
insert into pago_proveedores (id_pago_proveedor, id_producto, cantidad, fecha, total, id_state) values (71, 24, 10, '2023-12-24 02:05:05', 371614.55, 1);
insert into pago_proveedores (id_pago_proveedor, id_producto, cantidad, fecha, total, id_state) values (72, 47, 70, '2024-02-21 11:41:47', 844315.84, 1);
insert into pago_proveedores (id_pago_proveedor, id_producto, cantidad, fecha, total, id_state) values (73, 72, 50, '2024-03-01 20:48:58', 696688.57, 1);
insert into pago_proveedores (id_pago_proveedor, id_producto, cantidad, fecha, total, id_state) values (74, 47, 44, '2023-07-16 09:12:42', 427648.5, 1);
insert into pago_proveedores (id_pago_proveedor, id_producto, cantidad, fecha, total, id_state) values (75, 5, 49, '2023-06-22 03:16:02', 118580.44, 1);
insert into pago_proveedores (id_pago_proveedor, id_producto, cantidad, fecha, total, id_state) values (76, 24, 46, '2023-12-08 17:22:31', 251111.28, 1);
insert into pago_proveedores (id_pago_proveedor, id_producto, cantidad, fecha, total, id_state) values (77, 70, 84, '2023-04-24 12:50:10', 443912.05, 1);
insert into pago_proveedores (id_pago_proveedor, id_producto, cantidad, fecha, total, id_state) values (78, 28, 34, '2023-03-31 19:28:19', 472319.52, 1);
insert into pago_proveedores (id_pago_proveedor, id_producto, cantidad, fecha, total, id_state) values (79, 91, 18, '2023-09-18 22:06:28', 5387.24, 1);
insert into pago_proveedores (id_pago_proveedor, id_producto, cantidad, fecha, total, id_state) values (80, 22, 43, '2023-05-11 16:16:21', 910249.12, 1);
insert into pago_proveedores (id_pago_proveedor, id_producto, cantidad, fecha, total, id_state) values (81, 60, 88, '2023-06-04 14:41:44', 314568.65, 1);
insert into pago_proveedores (id_pago_proveedor, id_producto, cantidad, fecha, total, id_state) values (82, 95, 27, '2023-09-09 12:56:39', 771141.05, 1);
insert into pago_proveedores (id_pago_proveedor, id_producto, cantidad, fecha, total, id_state) values (83, 92, 84, '2023-07-20 06:28:05', 517314.73, 1);
insert into pago_proveedores (id_pago_proveedor, id_producto, cantidad, fecha, total, id_state) values (84, 51, 53, '2024-03-13 01:28:47', 997599.09, 1);
insert into pago_proveedores (id_pago_proveedor, id_producto, cantidad, fecha, total, id_state) values (85, 73, 36, '2023-08-22 22:11:40', 100913.97, 1);
insert into pago_proveedores (id_pago_proveedor, id_producto, cantidad, fecha, total, id_state) values (86, 41, 21, '2023-08-26 09:04:15', 695854.68, 1);
insert into pago_proveedores (id_pago_proveedor, id_producto, cantidad, fecha, total, id_state) values (87, 36, 96, '2023-07-07 11:52:33', 948083.99, 1);
insert into pago_proveedores (id_pago_proveedor, id_producto, cantidad, fecha, total, id_state) values (88, 39, 90, '2023-08-20 05:10:17', 284147.53, 1);
insert into pago_proveedores (id_pago_proveedor, id_producto, cantidad, fecha, total, id_state) values (89, 36, 96, '2024-01-29 10:57:54', 856683.27, 1);
insert into pago_proveedores (id_pago_proveedor, id_producto, cantidad, fecha, total, id_state) values (90, 17, 88, '2024-01-15 22:12:18', 839913.41, 1);
insert into pago_proveedores (id_pago_proveedor, id_producto, cantidad, fecha, total, id_state) values (91, 28, 47, '2023-12-26 03:19:21', 455787.19, 1);
insert into pago_proveedores (id_pago_proveedor, id_producto, cantidad, fecha, total, id_state) values (92, 84, 63, '2023-03-26 19:54:14', 302581.95, 1);
insert into pago_proveedores (id_pago_proveedor, id_producto, cantidad, fecha, total, id_state) values (93, 60, 13, '2023-06-07 00:47:46', 103778.71, 1);
insert into pago_proveedores (id_pago_proveedor, id_producto, cantidad, fecha, total, id_state) values (94, 60, 51, '2023-08-12 04:33:10', 31492.69, 1);
insert into pago_proveedores (id_pago_proveedor, id_producto, cantidad, fecha, total, id_state) values (95, 84, 88, '2023-05-02 16:27:38', 612822.93, 1);
insert into pago_proveedores (id_pago_proveedor, id_producto, cantidad, fecha, total, id_state) values (96, 3, 85, '2023-10-03 14:48:21', 788868.19, 1);
insert into pago_proveedores (id_pago_proveedor, id_producto, cantidad, fecha, total, id_state) values (97, 50, 68, '2023-05-07 10:44:19', 332718.0, 1);
insert into pago_proveedores (id_pago_proveedor, id_producto, cantidad, fecha, total, id_state) values (98, 7, 35, '2023-05-20 08:48:51', 899846.33, 1);
insert into pago_proveedores (id_pago_proveedor, id_producto, cantidad, fecha, total, id_state) values (99, 56, 99, '2023-11-14 19:27:33', 522841.47, 1);
insert into pago_proveedores (id_pago_proveedor, id_producto, cantidad, fecha, total, id_state) values (100, 84, 8, '2023-07-13 05:11:19', 737992.47, 1);

-- --------------------------------------------------
-- -------------------EMPLEADOS----------------------
-- --------------------------------------------------
insert into empleados (id_empleado, nombre, apellido, cargo, id_state) values (1, 'Duncan', 'Brilleman', 'limpieza', 1);
insert into empleados (id_empleado, nombre, apellido, cargo, id_state) values (2, 'Celine', 'Sargent', 'limpieza', 1);
insert into empleados (id_empleado, nombre, apellido, cargo, id_state) values (3, 'Xenos', 'Nuss', 'carnicero', 1);
insert into empleados (id_empleado, nombre, apellido, cargo, id_state) values (4, 'Flo', 'Weber', 'seguridad', 1);
insert into empleados (id_empleado, nombre, apellido, cargo, id_state) values (5, 'Kaylee', 'Boaler', 'limpieza', 1);
insert into empleados (id_empleado, nombre, apellido, cargo, id_state) values (6, 'Pansie', 'De Lasci', 'seguridad', 1);
insert into empleados (id_empleado, nombre, apellido, cargo, id_state) values (7, 'Corbett', 'Bordman', 'limpieza', 1);
insert into empleados (id_empleado, nombre, apellido, cargo, id_state) values (8, 'Arabela', 'O''Duane', 'limpieza', 1);
insert into empleados (id_empleado, nombre, apellido, cargo, id_state) values (9, 'Aleen', 'Surcomb', 'cajero', 1);
insert into empleados (id_empleado, nombre, apellido, cargo, id_state) values (10, 'Gearalt', 'Hutchens', 'carnicero', 1);
insert into empleados (id_empleado, nombre, apellido, cargo, id_state) values (11, 'Felicity', 'Rentoul', 'limpieza', 1);
insert into empleados (id_empleado, nombre, apellido, cargo, id_state) values (12, 'Marnia', 'Garvill', 'limpieza', 1);
insert into empleados (id_empleado, nombre, apellido, cargo, id_state) values (13, 'Elie', 'Lipgens', 'cajero', 1);
insert into empleados (id_empleado, nombre, apellido, cargo, id_state) values (14, 'Charis', 'Skoyles', 'reponedor', 1);
insert into empleados (id_empleado, nombre, apellido, cargo, id_state) values (15, 'Tove', 'Morais', 'reponedor', 1);
insert into empleados (id_empleado, nombre, apellido, cargo, id_state) values (16, 'Nichol', 'Crenage', 'seguridad', 1);
insert into empleados (id_empleado, nombre, apellido, cargo, id_state) values (17, 'Tripp', 'Marrian', 'carnicero', 1);
insert into empleados (id_empleado, nombre, apellido, cargo, id_state) values (18, 'Graehme', 'Dowty', 'seguridad', 1);
insert into empleados (id_empleado, nombre, apellido, cargo, id_state) values (19, 'Audry', 'Attridge', 'limpieza', 1);
insert into empleados (id_empleado, nombre, apellido, cargo, id_state) values (20, 'Cyndie', 'Francesco', 'carnicero', 1);
insert into empleados (id_empleado, nombre, apellido, cargo, id_state) values (21, 'Arlana', 'Felipe', 'reponedor', 1);
insert into empleados (id_empleado, nombre, apellido, cargo, id_state) values (22, 'Layton', 'Luppitt', 'carnicero', 1);
insert into empleados (id_empleado, nombre, apellido, cargo, id_state) values (23, 'Willi', 'Whyborne', 'cajero', 1);
insert into empleados (id_empleado, nombre, apellido, cargo, id_state) values (24, 'Teodoor', 'Trewin', 'seguridad', 1);
insert into empleados (id_empleado, nombre, apellido, cargo, id_state) values (25, 'Roma', 'Comizzoli', 'cajero', 1);
insert into empleados (id_empleado, nombre, apellido, cargo, id_state) values (26, 'Nikita', 'O''Sheerin', 'limpieza', 1);
insert into empleados (id_empleado, nombre, apellido, cargo, id_state) values (27, 'Shurlock', 'Wharton', 'carnicero', 1);
insert into empleados (id_empleado, nombre, apellido, cargo, id_state) values (28, 'Anni', 'Soper', 'cajero', 1);
insert into empleados (id_empleado, nombre, apellido, cargo, id_state) values (29, 'Timmi', 'Treece', 'encargado', 1);
insert into empleados (id_empleado, nombre, apellido, cargo, id_state) values (30, 'Melonie', 'Greasty', 'encargado', 1);

-- --------------------------------------------------
-- -----------------------STOCK----------------------
-- --------------------------------------------------
insert into stock (id_stock, cantidad, id_proveedor, id_producto, id_state) values (1, 71, 1, 1, 1);
insert into stock (id_stock, cantidad, id_proveedor, id_producto, id_state) values (2, 98, 9, 2, 1);
insert into stock (id_stock, cantidad, id_proveedor, id_producto, id_state) values (3, 56, 14, 3, 1);
insert into stock (id_stock, cantidad, id_proveedor, id_producto, id_state) values (4, 53, 7, 4, 1);
insert into stock (id_stock, cantidad, id_proveedor, id_producto, id_state) values (5, 96, 8, 5, 1);
insert into stock (id_stock, cantidad, id_proveedor, id_producto, id_state) values (6, 88, 1, 6, 1);
insert into stock (id_stock, cantidad, id_proveedor, id_producto, id_state) values (7, 50, 12, 7, 1);
insert into stock (id_stock, cantidad, id_proveedor, id_producto, id_state) values (8, 91, 4, 8, 1);
insert into stock (id_stock, cantidad, id_proveedor, id_producto, id_state) values (9, 57, 9, 9, 1);
insert into stock (id_stock, cantidad, id_proveedor, id_producto, id_state) values (10, 75, 15, 10, 1);
insert into stock (id_stock, cantidad, id_proveedor, id_producto, id_state) values (11, 88, 8, 11, 1);
insert into stock (id_stock, cantidad, id_proveedor, id_producto, id_state) values (12, 96, 11, 12, 1);
insert into stock (id_stock, cantidad, id_proveedor, id_producto, id_state) values (13, 53, 4, 13, 1);
insert into stock (id_stock, cantidad, id_proveedor, id_producto, id_state) values (14, 65, 7, 14, 1);
insert into stock (id_stock, cantidad, id_proveedor, id_producto, id_state) values (15, 87, 13, 15, 1);
insert into stock (id_stock, cantidad, id_proveedor, id_producto, id_state) values (16, 83, 15, 16, 1);
insert into stock (id_stock, cantidad, id_proveedor, id_producto, id_state) values (17, 52, 4, 17, 1);
insert into stock (id_stock, cantidad, id_proveedor, id_producto, id_state) values (18, 64, 3, 18, 1);
insert into stock (id_stock, cantidad, id_proveedor, id_producto, id_state) values (19, 77, 4, 19, 1);
insert into stock (id_stock, cantidad, id_proveedor, id_producto, id_state) values (20, 78, 9, 20, 1);
insert into stock (id_stock, cantidad, id_proveedor, id_producto, id_state) values (21, 58, 3, 21, 1);
insert into stock (id_stock, cantidad, id_proveedor, id_producto, id_state) values (22, 78, 5, 22, 1);
insert into stock (id_stock, cantidad, id_proveedor, id_producto, id_state) values (23, 85, 15, 23, 1);
insert into stock (id_stock, cantidad, id_proveedor, id_producto, id_state) values (24, 67, 3, 24, 1);
insert into stock (id_stock, cantidad, id_proveedor, id_producto, id_state) values (25, 94, 3, 25, 1);
insert into stock (id_stock, cantidad, id_proveedor, id_producto, id_state) values (26, 60, 5, 26, 1);
insert into stock (id_stock, cantidad, id_proveedor, id_producto, id_state) values (27, 50, 13, 27, 1);
insert into stock (id_stock, cantidad, id_proveedor, id_producto, id_state) values (28, 100, 3, 28, 1);
insert into stock (id_stock, cantidad, id_proveedor, id_producto, id_state) values (29, 88, 4, 29, 1);
insert into stock (id_stock, cantidad, id_proveedor, id_producto, id_state) values (30, 91, 6, 30, 1);
insert into stock (id_stock, cantidad, id_proveedor, id_producto, id_state) values (31, 67, 11, 31, 1);
insert into stock (id_stock, cantidad, id_proveedor, id_producto, id_state) values (32, 82, 9, 32, 1);
insert into stock (id_stock, cantidad, id_proveedor, id_producto, id_state) values (33, 96, 4, 33, 1);
insert into stock (id_stock, cantidad, id_proveedor, id_producto, id_state) values (34, 68, 1, 34, 1);
insert into stock (id_stock, cantidad, id_proveedor, id_producto, id_state) values (35, 98, 1, 35, 1);
insert into stock (id_stock, cantidad, id_proveedor, id_producto, id_state) values (36, 72, 12, 36, 1);
insert into stock (id_stock, cantidad, id_proveedor, id_producto, id_state) values (37, 78, 13, 37, 1);
insert into stock (id_stock, cantidad, id_proveedor, id_producto, id_state) values (38, 55, 13, 38, 1);
insert into stock (id_stock, cantidad, id_proveedor, id_producto, id_state) values (39, 57, 14, 39, 1);
insert into stock (id_stock, cantidad, id_proveedor, id_producto, id_state) values (40, 57, 12, 40, 1);
insert into stock (id_stock, cantidad, id_proveedor, id_producto, id_state) values (41, 78, 10, 41, 1);
insert into stock (id_stock, cantidad, id_proveedor, id_producto, id_state) values (42, 76, 7, 42, 1);
insert into stock (id_stock, cantidad, id_proveedor, id_producto, id_state) values (43, 85, 6, 43, 1);
insert into stock (id_stock, cantidad, id_proveedor, id_producto, id_state) values (44, 65, 11, 44, 1);
insert into stock (id_stock, cantidad, id_proveedor, id_producto, id_state) values (45, 58, 13, 45, 1);
insert into stock (id_stock, cantidad, id_proveedor, id_producto, id_state) values (46, 88, 6, 46, 1);
insert into stock (id_stock, cantidad, id_proveedor, id_producto, id_state) values (47, 73, 4, 47, 1);
insert into stock (id_stock, cantidad, id_proveedor, id_producto, id_state) values (48, 52, 6, 48, 1);
insert into stock (id_stock, cantidad, id_proveedor, id_producto, id_state) values (49, 99, 6, 49, 1);
insert into stock (id_stock, cantidad, id_proveedor, id_producto, id_state) values (50, 70, 2, 50, 1);
insert into stock (id_stock, cantidad, id_proveedor, id_producto, id_state) values (51, 73, 1, 51, 1);
insert into stock (id_stock, cantidad, id_proveedor, id_producto, id_state) values (52, 75, 8, 52, 1);
insert into stock (id_stock, cantidad, id_proveedor, id_producto, id_state) values (53, 65, 10, 53, 1);
insert into stock (id_stock, cantidad, id_proveedor, id_producto, id_state) values (54, 78, 12, 54, 1);
insert into stock (id_stock, cantidad, id_proveedor, id_producto, id_state) values (55, 53, 3, 55, 1);
insert into stock (id_stock, cantidad, id_proveedor, id_producto, id_state) values (56, 78, 8, 56, 1);
insert into stock (id_stock, cantidad, id_proveedor, id_producto, id_state) values (57, 97, 15, 57, 1);
insert into stock (id_stock, cantidad, id_proveedor, id_producto, id_state) values (58, 93, 8, 58, 1);
insert into stock (id_stock, cantidad, id_proveedor, id_producto, id_state) values (59, 77, 13, 59, 1);
insert into stock (id_stock, cantidad, id_proveedor, id_producto, id_state) values (60, 94, 6, 60, 1);
insert into stock (id_stock, cantidad, id_proveedor, id_producto, id_state) values (61, 88, 14, 61, 1);
insert into stock (id_stock, cantidad, id_proveedor, id_producto, id_state) values (62, 84, 14, 62, 1);
insert into stock (id_stock, cantidad, id_proveedor, id_producto, id_state) values (63, 89, 9, 63, 1);
insert into stock (id_stock, cantidad, id_proveedor, id_producto, id_state) values (64, 62, 5, 64, 1);
insert into stock (id_stock, cantidad, id_proveedor, id_producto, id_state) values (65, 76, 4, 65, 1);
insert into stock (id_stock, cantidad, id_proveedor, id_producto, id_state) values (66, 77, 4, 66, 1);
insert into stock (id_stock, cantidad, id_proveedor, id_producto, id_state) values (67, 96, 11, 67, 1);
insert into stock (id_stock, cantidad, id_proveedor, id_producto, id_state) values (68, 97, 4, 68, 1);
insert into stock (id_stock, cantidad, id_proveedor, id_producto, id_state) values (69, 98, 7, 69, 1);
insert into stock (id_stock, cantidad, id_proveedor, id_producto, id_state) values (70, 78, 12, 70, 1);
insert into stock (id_stock, cantidad, id_proveedor, id_producto, id_state) values (71, 95, 12, 71, 1);
insert into stock (id_stock, cantidad, id_proveedor, id_producto, id_state) values (72, 92, 8, 72, 1);
insert into stock (id_stock, cantidad, id_proveedor, id_producto, id_state) values (73, 61, 3, 73, 1);
insert into stock (id_stock, cantidad, id_proveedor, id_producto, id_state) values (74, 75, 10, 74, 1);
insert into stock (id_stock, cantidad, id_proveedor, id_producto, id_state) values (75, 76, 6, 75, 1);
insert into stock (id_stock, cantidad, id_proveedor, id_producto, id_state) values (76, 63, 7, 76, 1);
insert into stock (id_stock, cantidad, id_proveedor, id_producto, id_state) values (77, 98, 15, 77, 1);
insert into stock (id_stock, cantidad, id_proveedor, id_producto, id_state) values (78, 52, 15, 78, 1);
insert into stock (id_stock, cantidad, id_proveedor, id_producto, id_state) values (79, 73, 4, 79, 1);
insert into stock (id_stock, cantidad, id_proveedor, id_producto, id_state) values (80, 95, 10, 80, 1);
insert into stock (id_stock, cantidad, id_proveedor, id_producto, id_state) values (81, 82, 15, 81, 1);
insert into stock (id_stock, cantidad, id_proveedor, id_producto, id_state) values (82, 54, 8, 82, 1);
insert into stock (id_stock, cantidad, id_proveedor, id_producto, id_state) values (83, 56, 1, 83, 1);
insert into stock (id_stock, cantidad, id_proveedor, id_producto, id_state) values (84, 76, 1, 84, 1);
insert into stock (id_stock, cantidad, id_proveedor, id_producto, id_state) values (85, 100, 6, 85, 1);
insert into stock (id_stock, cantidad, id_proveedor, id_producto, id_state) values (86, 50, 9, 86, 1);
insert into stock (id_stock, cantidad, id_proveedor, id_producto, id_state) values (87, 52, 15, 87, 1);
insert into stock (id_stock, cantidad, id_proveedor, id_producto, id_state) values (88, 89, 5, 88, 1);
insert into stock (id_stock, cantidad, id_proveedor, id_producto, id_state) values (89, 97, 15, 89, 1);
insert into stock (id_stock, cantidad, id_proveedor, id_producto, id_state) values (90, 94, 7, 90, 1);
insert into stock (id_stock, cantidad, id_proveedor, id_producto, id_state) values (91, 74, 14, 91, 1);
insert into stock (id_stock, cantidad, id_proveedor, id_producto, id_state) values (92, 95, 15, 92, 1);
insert into stock (id_stock, cantidad, id_proveedor, id_producto, id_state) values (93, 96, 12, 93, 1);
insert into stock (id_stock, cantidad, id_proveedor, id_producto, id_state) values (94, 78, 3, 94, 1);
insert into stock (id_stock, cantidad, id_proveedor, id_producto, id_state) values (95, 81, 4, 95, 1);
insert into stock (id_stock, cantidad, id_proveedor, id_producto, id_state) values (96, 76, 12, 96, 1);
insert into stock (id_stock, cantidad, id_proveedor, id_producto, id_state) values (97, 65, 6, 97, 1);
insert into stock (id_stock, cantidad, id_proveedor, id_producto, id_state) values (98, 59, 10, 98, 1);
insert into stock (id_stock, cantidad, id_proveedor, id_producto, id_state) values (99, 91, 7, 99, 1);
insert into stock (id_stock, cantidad, id_proveedor, id_producto, id_state) values (100, 96, 2, 100, 1);


-- --------------------------------------------------
-- ---------------------SUCURSAL---------------------
-- --------------------------------------------------
insert into sucursal (id_sucursal, nombre, domicilio) values (1, 'Kertzmann-Hettinger', '53 Montana Junction');
insert into sucursal (id_sucursal, nombre, domicilio) values (2, 'Fisher Group', '72 Maywood Center');
insert into sucursal (id_sucursal, nombre, domicilio) values (3, 'Ortiz Group', '49 Granby Avenue');
insert into sucursal (id_sucursal, nombre, domicilio) values (4, 'Ankunding-Glover', '4 Portage Court');
insert into sucursal (id_sucursal, nombre, domicilio) values (5, 'Gutmann-Wisoky', '5554 Bellgrove Hill');

-- --------------------------------------------------
-- -----------------------CAJAS----------------------
-- --------------------------------------------------
insert into cajas (id_caja, id_sucursal, id_empleado) values (1, 2, 9);
insert into cajas (id_caja, id_sucursal, id_empleado) values (2, 1, 13);
insert into cajas (id_caja, id_sucursal, id_empleado) values (3, 1, 23);
insert into cajas (id_caja, id_sucursal, id_empleado) values (4, 4, 25);
insert into cajas (id_caja, id_sucursal, id_empleado) values (5, 4, 28);


-- --------------------------------------------------
-- ----------------------PAGOS-----------------------
-- --------------------------------------------------
insert into pagos_clientes (id_pago_cliente, total_gastado, metodo_pago, id_caja) values (1, 335467.57, 'tarjeta', 2);
insert into pagos_clientes (id_pago_cliente, total_gastado, metodo_pago, id_caja) values (2, 171414.94, 'tarjeta', 3);
insert into pagos_clientes (id_pago_cliente, total_gastado, metodo_pago, id_caja) values (3, 11372.21, 'efectivo', 3);
insert into pagos_clientes (id_pago_cliente, total_gastado, metodo_pago, id_caja) values (4, 73634.16, 'tarjeta', 2);
insert into pagos_clientes (id_pago_cliente, total_gastado, metodo_pago, id_caja) values (5, 509115.79, 'tarjeta', 5);
insert into pagos_clientes (id_pago_cliente, total_gastado, metodo_pago, id_caja) values (6, 84165.02, 'tarjeta', 5);
insert into pagos_clientes (id_pago_cliente, total_gastado, metodo_pago, id_caja) values (7, 78415.16, 'efectivo', 1);
insert into pagos_clientes (id_pago_cliente, total_gastado, metodo_pago, id_caja) values (8, 594563.88, 'tarjeta', 3);
insert into pagos_clientes (id_pago_cliente, total_gastado, metodo_pago, id_caja) values (9, 630916.67, 'tarjeta', 4);
insert into pagos_clientes (id_pago_cliente, total_gastado, metodo_pago, id_caja) values (10, 388500.09, 'efectivo', 1);
insert into pagos_clientes (id_pago_cliente, total_gastado, metodo_pago, id_caja) values (11, 557497.21, 'efectivo', 1);
insert into pagos_clientes (id_pago_cliente, total_gastado, metodo_pago, id_caja) values (12, 144432.83, 'tarjeta', 5);
insert into pagos_clientes (id_pago_cliente, total_gastado, metodo_pago, id_caja) values (13, 475807.31, 'efectivo', 5);
insert into pagos_clientes (id_pago_cliente, total_gastado, metodo_pago, id_caja) values (14, 188322.14, 'efectivo', 1);
insert into pagos_clientes (id_pago_cliente, total_gastado, metodo_pago, id_caja) values (15, 154939.27, 'tarjeta', 2);
insert into pagos_clientes (id_pago_cliente, total_gastado, metodo_pago, id_caja) values (16, 408125.82, 'tarjeta', 3);
insert into pagos_clientes (id_pago_cliente, total_gastado, metodo_pago, id_caja) values (17, 483755.56, 'tarjeta', 5);
insert into pagos_clientes (id_pago_cliente, total_gastado, metodo_pago, id_caja) values (18, 620978.63, 'efectivo', 1);
insert into pagos_clientes (id_pago_cliente, total_gastado, metodo_pago, id_caja) values (19, 98622.68, 'tarjeta', 1);
insert into pagos_clientes (id_pago_cliente, total_gastado, metodo_pago, id_caja) values (20, 613848.01, 'efectivo', 2);
insert into pagos_clientes (id_pago_cliente, total_gastado, metodo_pago, id_caja) values (21, 135974.93, 'efectivo', 1);
insert into pagos_clientes (id_pago_cliente, total_gastado, metodo_pago, id_caja) values (22, 27720.91, 'efectivo', 3);
insert into pagos_clientes (id_pago_cliente, total_gastado, metodo_pago, id_caja) values (23, 392509.18, 'efectivo', 2);
insert into pagos_clientes (id_pago_cliente, total_gastado, metodo_pago, id_caja) values (24, 585442.24, 'tarjeta', 2);
insert into pagos_clientes (id_pago_cliente, total_gastado, metodo_pago, id_caja) values (25, 307385.28, 'tarjeta', 4);
insert into pagos_clientes (id_pago_cliente, total_gastado, metodo_pago, id_caja) values (26, 467825.71, 'tarjeta', 4);
insert into pagos_clientes (id_pago_cliente, total_gastado, metodo_pago, id_caja) values (27, 395389.68, 'efectivo', 3);
insert into pagos_clientes (id_pago_cliente, total_gastado, metodo_pago, id_caja) values (28, 41016.01, 'efectivo', 1);
insert into pagos_clientes (id_pago_cliente, total_gastado, metodo_pago, id_caja) values (29, 131869.3, 'tarjeta', 5);
insert into pagos_clientes (id_pago_cliente, total_gastado, metodo_pago, id_caja) values (30, 163725.16, 'efectivo', 4);
insert into pagos_clientes (id_pago_cliente, total_gastado, metodo_pago, id_caja) values (31, 498134.51, 'efectivo', 3);
insert into pagos_clientes (id_pago_cliente, total_gastado, metodo_pago, id_caja) values (32, 647921.41, 'efectivo', 2);
insert into pagos_clientes (id_pago_cliente, total_gastado, metodo_pago, id_caja) values (33, 424968.79, 'tarjeta', 3);
insert into pagos_clientes (id_pago_cliente, total_gastado, metodo_pago, id_caja) values (34, 233629.3, 'efectivo', 5);
insert into pagos_clientes (id_pago_cliente, total_gastado, metodo_pago, id_caja) values (35, 32062.26, 'efectivo', 4);
insert into pagos_clientes (id_pago_cliente, total_gastado, metodo_pago, id_caja) values (36, 532336.4, 'tarjeta', 1);
insert into pagos_clientes (id_pago_cliente, total_gastado, metodo_pago, id_caja) values (37, 149897.37, 'efectivo', 3);
insert into pagos_clientes (id_pago_cliente, total_gastado, metodo_pago, id_caja) values (38, 5130.75, 'tarjeta', 4);
insert into pagos_clientes (id_pago_cliente, total_gastado, metodo_pago, id_caja) values (39, 280298.31, 'tarjeta', 4);
insert into pagos_clientes (id_pago_cliente, total_gastado, metodo_pago, id_caja) values (40, 557732.89, 'tarjeta', 4);
insert into pagos_clientes (id_pago_cliente, total_gastado, metodo_pago, id_caja) values (41, 557977.22, 'efectivo', 2);
insert into pagos_clientes (id_pago_cliente, total_gastado, metodo_pago, id_caja) values (42, 118737.27, 'tarjeta', 2);
insert into pagos_clientes (id_pago_cliente, total_gastado, metodo_pago, id_caja) values (43, 524237.76, 'efectivo', 1);
insert into pagos_clientes (id_pago_cliente, total_gastado, metodo_pago, id_caja) values (44, 400194.96, 'efectivo', 1);
insert into pagos_clientes (id_pago_cliente, total_gastado, metodo_pago, id_caja) values (45, 28725.49, 'efectivo', 2);
insert into pagos_clientes (id_pago_cliente, total_gastado, metodo_pago, id_caja) values (46, 255306.79, 'tarjeta', 5);
insert into pagos_clientes (id_pago_cliente, total_gastado, metodo_pago, id_caja) values (47, 388046.25, 'efectivo', 4);
insert into pagos_clientes (id_pago_cliente, total_gastado, metodo_pago, id_caja) values (48, 8412.7, 'efectivo', 3);
insert into pagos_clientes (id_pago_cliente, total_gastado, metodo_pago, id_caja) values (49, 518153.66, 'efectivo', 3);
insert into pagos_clientes (id_pago_cliente, total_gastado, metodo_pago, id_caja) values (50, 74939.61, 'efectivo', 3);
insert into pagos_clientes (id_pago_cliente, total_gastado, metodo_pago, id_caja) values (51, 371124.3, 'efectivo', 5);
insert into pagos_clientes (id_pago_cliente, total_gastado, metodo_pago, id_caja) values (52, 157001.21, 'tarjeta', 2);
insert into pagos_clientes (id_pago_cliente, total_gastado, metodo_pago, id_caja) values (53, 374700.89, 'tarjeta', 2);
insert into pagos_clientes (id_pago_cliente, total_gastado, metodo_pago, id_caja) values (54, 75184.69, 'tarjeta', 5);
insert into pagos_clientes (id_pago_cliente, total_gastado, metodo_pago, id_caja) values (55, 135452.65, 'tarjeta', 2);
insert into pagos_clientes (id_pago_cliente, total_gastado, metodo_pago, id_caja) values (56, 350184.28, 'efectivo', 4);
insert into pagos_clientes (id_pago_cliente, total_gastado, metodo_pago, id_caja) values (57, 124566.56, 'tarjeta', 4);
insert into pagos_clientes (id_pago_cliente, total_gastado, metodo_pago, id_caja) values (58, 481865.12, 'tarjeta', 5);
insert into pagos_clientes (id_pago_cliente, total_gastado, metodo_pago, id_caja) values (59, 52935.57, 'tarjeta', 4);
insert into pagos_clientes (id_pago_cliente, total_gastado, metodo_pago, id_caja) values (60, 562911.84, 'efectivo', 2);
insert into pagos_clientes (id_pago_cliente, total_gastado, metodo_pago, id_caja) values (61, 108156.75, 'efectivo', 3);
insert into pagos_clientes (id_pago_cliente, total_gastado, metodo_pago, id_caja) values (62, 621923.59, 'efectivo', 2);
insert into pagos_clientes (id_pago_cliente, total_gastado, metodo_pago, id_caja) values (63, 352961.97, 'efectivo', 5);
insert into pagos_clientes (id_pago_cliente, total_gastado, metodo_pago, id_caja) values (64, 4302.6, 'tarjeta', 2);
insert into pagos_clientes (id_pago_cliente, total_gastado, metodo_pago, id_caja) values (65, 21233.5, 'efectivo', 2);
insert into pagos_clientes (id_pago_cliente, total_gastado, metodo_pago, id_caja) values (66, 64120.83, 'tarjeta', 1);
insert into pagos_clientes (id_pago_cliente, total_gastado, metodo_pago, id_caja) values (67, 278192.47, 'tarjeta', 4);
insert into pagos_clientes (id_pago_cliente, total_gastado, metodo_pago, id_caja) values (68, 147407.48, 'tarjeta', 5);
insert into pagos_clientes (id_pago_cliente, total_gastado, metodo_pago, id_caja) values (69, 56407.86, 'tarjeta', 2);
insert into pagos_clientes (id_pago_cliente, total_gastado, metodo_pago, id_caja) values (70, 458248.68, 'efectivo', 5);
insert into pagos_clientes (id_pago_cliente, total_gastado, metodo_pago, id_caja) values (71, 593950.76, 'efectivo', 1);
insert into pagos_clientes (id_pago_cliente, total_gastado, metodo_pago, id_caja) values (72, 247075.23, 'efectivo', 1);
insert into pagos_clientes (id_pago_cliente, total_gastado, metodo_pago, id_caja) values (73, 481136.49, 'tarjeta', 5);
insert into pagos_clientes (id_pago_cliente, total_gastado, metodo_pago, id_caja) values (74, 455129.73, 'efectivo', 2);
insert into pagos_clientes (id_pago_cliente, total_gastado, metodo_pago, id_caja) values (75, 95462.5, 'efectivo', 5);
insert into pagos_clientes (id_pago_cliente, total_gastado, metodo_pago, id_caja) values (76, 99039.41, 'efectivo', 5);
insert into pagos_clientes (id_pago_cliente, total_gastado, metodo_pago, id_caja) values (77, 87474.54, 'efectivo', 5);
insert into pagos_clientes (id_pago_cliente, total_gastado, metodo_pago, id_caja) values (78, 185950.51, 'tarjeta', 1);
insert into pagos_clientes (id_pago_cliente, total_gastado, metodo_pago, id_caja) values (79, 249429.4, 'efectivo', 2);
insert into pagos_clientes (id_pago_cliente, total_gastado, metodo_pago, id_caja) values (80, 465648.09, 'efectivo', 1);
insert into pagos_clientes (id_pago_cliente, total_gastado, metodo_pago, id_caja) values (81, 145384.7, 'tarjeta', 1);
insert into pagos_clientes (id_pago_cliente, total_gastado, metodo_pago, id_caja) values (82, 55166.98, 'efectivo', 3);
insert into pagos_clientes (id_pago_cliente, total_gastado, metodo_pago, id_caja) values (83, 566900.78, 'efectivo', 4);
insert into pagos_clientes (id_pago_cliente, total_gastado, metodo_pago, id_caja) values (84, 278931.59, 'tarjeta', 5);
insert into pagos_clientes (id_pago_cliente, total_gastado, metodo_pago, id_caja) values (85, 382090.85, 'efectivo', 5);
insert into pagos_clientes (id_pago_cliente, total_gastado, metodo_pago, id_caja) values (86, 592130.27, 'tarjeta', 4);
insert into pagos_clientes (id_pago_cliente, total_gastado, metodo_pago, id_caja) values (87, 581600.91, 'efectivo', 3);
insert into pagos_clientes (id_pago_cliente, total_gastado, metodo_pago, id_caja) values (88, 253741.4, 'efectivo', 3);
insert into pagos_clientes (id_pago_cliente, total_gastado, metodo_pago, id_caja) values (89, 32653.95, 'efectivo', 3);
insert into pagos_clientes (id_pago_cliente, total_gastado, metodo_pago, id_caja) values (90, 66087.1, 'efectivo', 1);
insert into pagos_clientes (id_pago_cliente, total_gastado, metodo_pago, id_caja) values (91, 452551.63, 'tarjeta', 1);
insert into pagos_clientes (id_pago_cliente, total_gastado, metodo_pago, id_caja) values (92, 40673.39, 'tarjeta', 3);
insert into pagos_clientes (id_pago_cliente, total_gastado, metodo_pago, id_caja) values (93, 583588.02, 'tarjeta', 1);
insert into pagos_clientes (id_pago_cliente, total_gastado, metodo_pago, id_caja) values (94, 552875.56, 'efectivo', 5);
insert into pagos_clientes (id_pago_cliente, total_gastado, metodo_pago, id_caja) values (95, 115820.71, 'tarjeta', 1);
insert into pagos_clientes (id_pago_cliente, total_gastado, metodo_pago, id_caja) values (96, 555948.93, 'tarjeta', 4);
insert into pagos_clientes (id_pago_cliente, total_gastado, metodo_pago, id_caja) values (97, 160492.05, 'efectivo', 3);
insert into pagos_clientes (id_pago_cliente, total_gastado, metodo_pago, id_caja) values (98, 256246.22, 'efectivo', 4);
insert into pagos_clientes (id_pago_cliente, total_gastado, metodo_pago, id_caja) values (99, 568788.41, 'tarjeta', 2);
insert into pagos_clientes (id_pago_cliente, total_gastado, metodo_pago, id_caja) values (100, 36010.35, 'tarjeta', 4);


-- --------------------------------------------------
-- -----------------DETALLE DE VENTA-----------------
-- --------------------------------------------------
insert into detalle_venta (id_detalle_venta, id_producto, cantidad, precio_producto, id_pago_cliente) values (1, 40, 1, 30168.11, 1);
insert into detalle_venta (id_detalle_venta, id_producto, cantidad, precio_producto, id_pago_cliente) values (2, 63, 8, 64452.57, 2);
insert into detalle_venta (id_detalle_venta, id_producto, cantidad, precio_producto, id_pago_cliente) values (3, 58, 8, 86104.23, 3);
insert into detalle_venta (id_detalle_venta, id_producto, cantidad, precio_producto, id_pago_cliente) values (4, 5, 1, 69694.18, 4);
insert into detalle_venta (id_detalle_venta, id_producto, cantidad, precio_producto, id_pago_cliente) values (5, 11, 3, 97990.63, 5);
insert into detalle_venta (id_detalle_venta, id_producto, cantidad, precio_producto, id_pago_cliente) values (6, 2, 8, 72268.29, 6);
insert into detalle_venta (id_detalle_venta, id_producto, cantidad, precio_producto, id_pago_cliente) values (7, 30, 2, 96013.17, 7);
insert into detalle_venta (id_detalle_venta, id_producto, cantidad, precio_producto, id_pago_cliente) values (8, 66, 7, 11761.28, 8);
insert into detalle_venta (id_detalle_venta, id_producto, cantidad, precio_producto, id_pago_cliente) values (9, 10, 8, 88757.65, 9);
insert into detalle_venta (id_detalle_venta, id_producto, cantidad, precio_producto, id_pago_cliente) values (10, 82, 9, 59004.32, 10);
insert into detalle_venta (id_detalle_venta, id_producto, cantidad, precio_producto, id_pago_cliente) values (11, 54, 7, 7271.23, 11);
insert into detalle_venta (id_detalle_venta, id_producto, cantidad, precio_producto, id_pago_cliente) values (12, 3, 1, 97143.92, 12);
insert into detalle_venta (id_detalle_venta, id_producto, cantidad, precio_producto, id_pago_cliente) values (13, 4, 7, 9097.79, 13);
insert into detalle_venta (id_detalle_venta, id_producto, cantidad, precio_producto, id_pago_cliente) values (14, 55, 4, 9971.87, 14);
insert into detalle_venta (id_detalle_venta, id_producto, cantidad, precio_producto, id_pago_cliente) values (15, 23, 10, 50579.4, 15);
insert into detalle_venta (id_detalle_venta, id_producto, cantidad, precio_producto, id_pago_cliente) values (16, 81, 5, 59431.24, 16);
insert into detalle_venta (id_detalle_venta, id_producto, cantidad, precio_producto, id_pago_cliente) values (17, 4, 3, 76929.22, 17);
insert into detalle_venta (id_detalle_venta, id_producto, cantidad, precio_producto, id_pago_cliente) values (18, 3, 2, 19845.03, 18);
insert into detalle_venta (id_detalle_venta, id_producto, cantidad, precio_producto, id_pago_cliente) values (19, 57, 5, 96451.83, 19);
insert into detalle_venta (id_detalle_venta, id_producto, cantidad, precio_producto, id_pago_cliente) values (20, 98, 6, 93140.44, 20);
insert into detalle_venta (id_detalle_venta, id_producto, cantidad, precio_producto, id_pago_cliente) values (21, 54, 1, 79934.31, 21);
insert into detalle_venta (id_detalle_venta, id_producto, cantidad, precio_producto, id_pago_cliente) values (22, 66, 8, 24486.07, 22);
insert into detalle_venta (id_detalle_venta, id_producto, cantidad, precio_producto, id_pago_cliente) values (23, 89, 5, 8776.3, 23);
insert into detalle_venta (id_detalle_venta, id_producto, cantidad, precio_producto, id_pago_cliente) values (24, 73, 8, 41792.83, 24);
insert into detalle_venta (id_detalle_venta, id_producto, cantidad, precio_producto, id_pago_cliente) values (25, 33, 3, 28775.11, 25);
insert into detalle_venta (id_detalle_venta, id_producto, cantidad, precio_producto, id_pago_cliente) values (26, 57, 2, 30797.19, 26);
insert into detalle_venta (id_detalle_venta, id_producto, cantidad, precio_producto, id_pago_cliente) values (27, 21, 3, 14889.06, 27);
insert into detalle_venta (id_detalle_venta, id_producto, cantidad, precio_producto, id_pago_cliente) values (28, 97, 1, 78585.5, 28);
insert into detalle_venta (id_detalle_venta, id_producto, cantidad, precio_producto, id_pago_cliente) values (29, 99, 2, 24523.74, 29);
insert into detalle_venta (id_detalle_venta, id_producto, cantidad, precio_producto, id_pago_cliente) values (30, 56, 9, 86555.54, 30);
insert into detalle_venta (id_detalle_venta, id_producto, cantidad, precio_producto, id_pago_cliente) values (31, 8, 4, 49134.0, 31);
insert into detalle_venta (id_detalle_venta, id_producto, cantidad, precio_producto, id_pago_cliente) values (32, 53, 3, 55535.8, 32);
insert into detalle_venta (id_detalle_venta, id_producto, cantidad, precio_producto, id_pago_cliente) values (33, 81, 2, 25806.52, 33);
insert into detalle_venta (id_detalle_venta, id_producto, cantidad, precio_producto, id_pago_cliente) values (34, 21, 10, 89847.02, 34);
insert into detalle_venta (id_detalle_venta, id_producto, cantidad, precio_producto, id_pago_cliente) values (35, 32, 6, 9371.15, 35);
insert into detalle_venta (id_detalle_venta, id_producto, cantidad, precio_producto, id_pago_cliente) values (36, 37, 8, 88866.89, 36);
insert into detalle_venta (id_detalle_venta, id_producto, cantidad, precio_producto, id_pago_cliente) values (37, 94, 9, 24187.52, 37);
insert into detalle_venta (id_detalle_venta, id_producto, cantidad, precio_producto, id_pago_cliente) values (38, 99, 3, 99660.86, 38);
insert into detalle_venta (id_detalle_venta, id_producto, cantidad, precio_producto, id_pago_cliente) values (39, 4, 6, 20516.61, 39);
insert into detalle_venta (id_detalle_venta, id_producto, cantidad, precio_producto, id_pago_cliente) values (40, 47, 8, 47786.09, 40);
insert into detalle_venta (id_detalle_venta, id_producto, cantidad, precio_producto, id_pago_cliente) values (41, 64, 9, 82250.67, 41);
insert into detalle_venta (id_detalle_venta, id_producto, cantidad, precio_producto, id_pago_cliente) values (42, 1, 10, 55261.54, 42);
insert into detalle_venta (id_detalle_venta, id_producto, cantidad, precio_producto, id_pago_cliente) values (43, 80, 2, 86044.16, 43);
insert into detalle_venta (id_detalle_venta, id_producto, cantidad, precio_producto, id_pago_cliente) values (44, 30, 1, 50642.77, 44);
insert into detalle_venta (id_detalle_venta, id_producto, cantidad, precio_producto, id_pago_cliente) values (45, 49, 7, 58502.8, 45);
insert into detalle_venta (id_detalle_venta, id_producto, cantidad, precio_producto, id_pago_cliente) values (46, 63, 7, 12066.09, 46);
insert into detalle_venta (id_detalle_venta, id_producto, cantidad, precio_producto, id_pago_cliente) values (47, 79, 4, 24084.93, 47);
insert into detalle_venta (id_detalle_venta, id_producto, cantidad, precio_producto, id_pago_cliente) values (48, 73, 8, 5108.45, 48);
insert into detalle_venta (id_detalle_venta, id_producto, cantidad, precio_producto, id_pago_cliente) values (49, 10, 4, 12586.35, 49);
insert into detalle_venta (id_detalle_venta, id_producto, cantidad, precio_producto, id_pago_cliente) values (50, 9, 3, 85545.66, 50);
insert into detalle_venta (id_detalle_venta, id_producto, cantidad, precio_producto, id_pago_cliente) values (51, 28, 4, 49163.26, 51);
insert into detalle_venta (id_detalle_venta, id_producto, cantidad, precio_producto, id_pago_cliente) values (52, 32, 10, 87292.08, 52);
insert into detalle_venta (id_detalle_venta, id_producto, cantidad, precio_producto, id_pago_cliente) values (53, 95, 8, 38870.02, 53);
insert into detalle_venta (id_detalle_venta, id_producto, cantidad, precio_producto, id_pago_cliente) values (54, 35, 5, 58962.92, 54);
insert into detalle_venta (id_detalle_venta, id_producto, cantidad, precio_producto, id_pago_cliente) values (55, 77, 9, 51575.17, 55);
insert into detalle_venta (id_detalle_venta, id_producto, cantidad, precio_producto, id_pago_cliente) values (56, 61, 8, 54711.92, 56);
insert into detalle_venta (id_detalle_venta, id_producto, cantidad, precio_producto, id_pago_cliente) values (57, 62, 4, 6079.08, 57);
insert into detalle_venta (id_detalle_venta, id_producto, cantidad, precio_producto, id_pago_cliente) values (58, 84, 1, 64313.87, 58);
insert into detalle_venta (id_detalle_venta, id_producto, cantidad, precio_producto, id_pago_cliente) values (59, 9, 2, 65234.72, 59);
insert into detalle_venta (id_detalle_venta, id_producto, cantidad, precio_producto, id_pago_cliente) values (60, 9, 6, 45564.87, 60);
insert into detalle_venta (id_detalle_venta, id_producto, cantidad, precio_producto, id_pago_cliente) values (61, 69, 3, 47262.94, 61);
insert into detalle_venta (id_detalle_venta, id_producto, cantidad, precio_producto, id_pago_cliente) values (62, 21, 6, 69917.26, 62);
insert into detalle_venta (id_detalle_venta, id_producto, cantidad, precio_producto, id_pago_cliente) values (63, 92, 7, 91825.47, 63);
insert into detalle_venta (id_detalle_venta, id_producto, cantidad, precio_producto, id_pago_cliente) values (64, 27, 5, 55918.8, 64);
insert into detalle_venta (id_detalle_venta, id_producto, cantidad, precio_producto, id_pago_cliente) values (65, 19, 2, 92552.48, 65);
insert into detalle_venta (id_detalle_venta, id_producto, cantidad, precio_producto, id_pago_cliente) values (66, 36, 8, 87760.03, 66);
insert into detalle_venta (id_detalle_venta, id_producto, cantidad, precio_producto, id_pago_cliente) values (67, 86, 1, 75167.0, 67);
insert into detalle_venta (id_detalle_venta, id_producto, cantidad, precio_producto, id_pago_cliente) values (68, 97, 7, 95128.95, 68);
insert into detalle_venta (id_detalle_venta, id_producto, cantidad, precio_producto, id_pago_cliente) values (69, 46, 5, 48971.33, 69);
insert into detalle_venta (id_detalle_venta, id_producto, cantidad, precio_producto, id_pago_cliente) values (70, 41, 9, 32340.63, 70);
insert into detalle_venta (id_detalle_venta, id_producto, cantidad, precio_producto, id_pago_cliente) values (71, 2, 9, 43619.58, 71);
insert into detalle_venta (id_detalle_venta, id_producto, cantidad, precio_producto, id_pago_cliente) values (72, 30, 3, 29408.25, 72);
insert into detalle_venta (id_detalle_venta, id_producto, cantidad, precio_producto, id_pago_cliente) values (73, 27, 2, 98418.18, 73);
insert into detalle_venta (id_detalle_venta, id_producto, cantidad, precio_producto, id_pago_cliente) values (74, 37, 1, 47240.34, 74);
insert into detalle_venta (id_detalle_venta, id_producto, cantidad, precio_producto, id_pago_cliente) values (75, 55, 3, 69050.64, 75);
insert into detalle_venta (id_detalle_venta, id_producto, cantidad, precio_producto, id_pago_cliente) values (76, 85, 4, 53544.79, 76);
insert into detalle_venta (id_detalle_venta, id_producto, cantidad, precio_producto, id_pago_cliente) values (77, 2, 1, 94232.41, 77);
insert into detalle_venta (id_detalle_venta, id_producto, cantidad, precio_producto, id_pago_cliente) values (78, 58, 9, 10325.25, 78);
insert into detalle_venta (id_detalle_venta, id_producto, cantidad, precio_producto, id_pago_cliente) values (79, 29, 9, 83711.18, 79);
insert into detalle_venta (id_detalle_venta, id_producto, cantidad, precio_producto, id_pago_cliente) values (80, 88, 8, 81554.31, 80);
insert into detalle_venta (id_detalle_venta, id_producto, cantidad, precio_producto, id_pago_cliente) values (81, 53, 7, 29758.18, 81);
insert into detalle_venta (id_detalle_venta, id_producto, cantidad, precio_producto, id_pago_cliente) values (82, 13, 8, 85576.44, 82);
insert into detalle_venta (id_detalle_venta, id_producto, cantidad, precio_producto, id_pago_cliente) values (83, 60, 10, 87710.37, 83);
insert into detalle_venta (id_detalle_venta, id_producto, cantidad, precio_producto, id_pago_cliente) values (84, 93, 10, 22661.07, 84);
insert into detalle_venta (id_detalle_venta, id_producto, cantidad, precio_producto, id_pago_cliente) values (85, 72, 7, 64738.2, 85);
insert into detalle_venta (id_detalle_venta, id_producto, cantidad, precio_producto, id_pago_cliente) values (86, 93, 7, 26429.08, 86);
insert into detalle_venta (id_detalle_venta, id_producto, cantidad, precio_producto, id_pago_cliente) values (87, 57, 2, 73589.11, 87);
insert into detalle_venta (id_detalle_venta, id_producto, cantidad, precio_producto, id_pago_cliente) values (88, 53, 4, 74193.68, 88);
insert into detalle_venta (id_detalle_venta, id_producto, cantidad, precio_producto, id_pago_cliente) values (89, 32, 6, 35096.19, 89);
insert into detalle_venta (id_detalle_venta, id_producto, cantidad, precio_producto, id_pago_cliente) values (90, 80, 7, 23504.7, 90);
insert into detalle_venta (id_detalle_venta, id_producto, cantidad, precio_producto, id_pago_cliente) values (91, 65, 9, 37800.85, 91);
insert into detalle_venta (id_detalle_venta, id_producto, cantidad, precio_producto, id_pago_cliente) values (92, 18, 2, 33281.22, 92);
insert into detalle_venta (id_detalle_venta, id_producto, cantidad, precio_producto, id_pago_cliente) values (93, 27, 3, 18213.57, 93);
insert into detalle_venta (id_detalle_venta, id_producto, cantidad, precio_producto, id_pago_cliente) values (94, 53, 4, 24846.26, 94);
insert into detalle_venta (id_detalle_venta, id_producto, cantidad, precio_producto, id_pago_cliente) values (95, 42, 2, 60978.36, 95);
insert into detalle_venta (id_detalle_venta, id_producto, cantidad, precio_producto, id_pago_cliente) values (96, 93, 6, 37792.84, 96);
insert into detalle_venta (id_detalle_venta, id_producto, cantidad, precio_producto, id_pago_cliente) values (97, 38, 1, 34243.52, 97);
insert into detalle_venta (id_detalle_venta, id_producto, cantidad, precio_producto, id_pago_cliente) values (98, 57, 3, 58863.86, 98);
insert into detalle_venta (id_detalle_venta, id_producto, cantidad, precio_producto, id_pago_cliente) values (99, 73, 1, 32645.62, 99);
insert into detalle_venta (id_detalle_venta, id_producto, cantidad, precio_producto, id_pago_cliente) values (100, 96, 6, 26738.38, 100);

-- --------------------------------------------------
-- ---------------------VENTAS-----------------------
-- --------------------------------------------------
insert into ventas (id_venta, id_cliente, id_producto, id_empleado, id_pago_cliente, id_detalle_venta, id_pago_proveedor, fecha) values (1, 3, 65, 6, 1, 1, 1, '2023-10-27 09:39:36');
insert into ventas (id_venta, id_cliente, id_producto, id_empleado, id_pago_cliente, id_detalle_venta, id_pago_proveedor, fecha) values (2, 27, 1, 15, 2, 2, 2, '2024-01-20 07:40:40');
insert into ventas (id_venta, id_cliente, id_producto, id_empleado, id_pago_cliente, id_detalle_venta, id_pago_proveedor, fecha) values (3, 67, 15, 26, 3, 3, 3, '2023-07-22 00:25:02');
insert into ventas (id_venta, id_cliente, id_producto, id_empleado, id_pago_cliente, id_detalle_venta, id_pago_proveedor, fecha) values (4, 10, 77, 2, 4, 4, 4, '2023-11-06 14:57:17');
insert into ventas (id_venta, id_cliente, id_producto, id_empleado, id_pago_cliente, id_detalle_venta, id_pago_proveedor, fecha) values (5, 56, 77, 2, 5, 5, 5, '2023-04-27 02:13:05');
insert into ventas (id_venta, id_cliente, id_producto, id_empleado, id_pago_cliente, id_detalle_venta, id_pago_proveedor, fecha) values (6, 21, 9, 6, 6, 6, 6, '2023-09-20 23:02:10');
insert into ventas (id_venta, id_cliente, id_producto, id_empleado, id_pago_cliente, id_detalle_venta, id_pago_proveedor, fecha) values (7, 91, 31, 27, 7, 7, 7, '2023-10-31 13:04:00');
insert into ventas (id_venta, id_cliente, id_producto, id_empleado, id_pago_cliente, id_detalle_venta, id_pago_proveedor, fecha) values (8, 2, 71, 13, 8, 8, 8, '2023-05-10 18:58:46');
insert into ventas (id_venta, id_cliente, id_producto, id_empleado, id_pago_cliente, id_detalle_venta, id_pago_proveedor, fecha) values (9, 59, 96, 16, 9, 9, 9, '2023-10-10 04:14:51');
insert into ventas (id_venta, id_cliente, id_producto, id_empleado, id_pago_cliente, id_detalle_venta, id_pago_proveedor, fecha) values (10, 96, 93, 2, 10, 10, 10, '2023-07-13 16:32:49');
insert into ventas (id_venta, id_cliente, id_producto, id_empleado, id_pago_cliente, id_detalle_venta, id_pago_proveedor, fecha) values (11, 53, 36, 18, 11, 11, 11, '2023-04-05 13:11:55');
insert into ventas (id_venta, id_cliente, id_producto, id_empleado, id_pago_cliente, id_detalle_venta, id_pago_proveedor, fecha) values (12, 75, 35, 5, 12, 12, 12, '2023-10-17 15:18:25');
insert into ventas (id_venta, id_cliente, id_producto, id_empleado, id_pago_cliente, id_detalle_venta, id_pago_proveedor, fecha) values (13, 90, 49, 21, 13, 13, 13, '2024-02-07 14:01:06');
insert into ventas (id_venta, id_cliente, id_producto, id_empleado, id_pago_cliente, id_detalle_venta, id_pago_proveedor, fecha) values (14, 1, 55, 24, 14, 14, 14, '2023-05-02 14:28:46');
insert into ventas (id_venta, id_cliente, id_producto, id_empleado, id_pago_cliente, id_detalle_venta, id_pago_proveedor, fecha) values (15, 26, 6, 2, 15, 15, 15, '2024-01-09 14:29:00');
insert into ventas (id_venta, id_cliente, id_producto, id_empleado, id_pago_cliente, id_detalle_venta, id_pago_proveedor, fecha) values (16, 28, 52, 3, 16, 16, 16, '2023-12-21 09:34:22');
insert into ventas (id_venta, id_cliente, id_producto, id_empleado, id_pago_cliente, id_detalle_venta, id_pago_proveedor, fecha) values (17, 98, 16, 5, 17, 17, 17, '2024-02-07 06:33:25');
insert into ventas (id_venta, id_cliente, id_producto, id_empleado, id_pago_cliente, id_detalle_venta, id_pago_proveedor, fecha) values (18, 37, 72, 26, 18, 18, 18, '2024-02-05 16:24:31');
insert into ventas (id_venta, id_cliente, id_producto, id_empleado, id_pago_cliente, id_detalle_venta, id_pago_proveedor, fecha) values (19, 79, 39, 11, 19, 19, 19, '2023-06-04 00:14:21');
insert into ventas (id_venta, id_cliente, id_producto, id_empleado, id_pago_cliente, id_detalle_venta, id_pago_proveedor, fecha) values (20, 98, 48, 17, 20, 20, 20, '2023-11-14 07:10:12');
insert into ventas (id_venta, id_cliente, id_producto, id_empleado, id_pago_cliente, id_detalle_venta, id_pago_proveedor, fecha) values (21, 31, 7, 18, 21, 21, 21, '2023-03-28 18:37:21');
insert into ventas (id_venta, id_cliente, id_producto, id_empleado, id_pago_cliente, id_detalle_venta, id_pago_proveedor, fecha) values (22, 92, 94, 8, 22, 22, 22, '2023-12-15 07:40:06');
insert into ventas (id_venta, id_cliente, id_producto, id_empleado, id_pago_cliente, id_detalle_venta, id_pago_proveedor, fecha) values (23, 23, 6, 15, 23, 23, 23, '2023-10-04 08:46:56');
insert into ventas (id_venta, id_cliente, id_producto, id_empleado, id_pago_cliente, id_detalle_venta, id_pago_proveedor, fecha) values (24, 83, 71, 1, 24, 24, 24, '2023-08-02 04:25:05');
insert into ventas (id_venta, id_cliente, id_producto, id_empleado, id_pago_cliente, id_detalle_venta, id_pago_proveedor, fecha) values (25, 63, 61, 9, 25, 25, 25, '2023-07-28 08:44:54');
insert into ventas (id_venta, id_cliente, id_producto, id_empleado, id_pago_cliente, id_detalle_venta, id_pago_proveedor, fecha) values (26, 64, 88, 11, 26, 26, 26, '2023-11-22 21:05:41');
insert into ventas (id_venta, id_cliente, id_producto, id_empleado, id_pago_cliente, id_detalle_venta, id_pago_proveedor, fecha) values (27, 31, 12, 20, 27, 27, 27, '2023-07-13 00:30:45');
insert into ventas (id_venta, id_cliente, id_producto, id_empleado, id_pago_cliente, id_detalle_venta, id_pago_proveedor, fecha) values (28, 60, 36, 14, 28, 28, 28, '2023-11-27 11:56:05');
insert into ventas (id_venta, id_cliente, id_producto, id_empleado, id_pago_cliente, id_detalle_venta, id_pago_proveedor, fecha) values (29, 64, 47, 27, 29, 29, 29, '2023-08-10 04:02:07');
insert into ventas (id_venta, id_cliente, id_producto, id_empleado, id_pago_cliente, id_detalle_venta, id_pago_proveedor, fecha) values (30, 13, 3, 18, 30, 30, 30, '2023-06-26 11:13:03');
insert into ventas (id_venta, id_cliente, id_producto, id_empleado, id_pago_cliente, id_detalle_venta, id_pago_proveedor, fecha) values (31, 39, 58, 14, 31, 31, 31, '2023-12-04 00:35:25');
insert into ventas (id_venta, id_cliente, id_producto, id_empleado, id_pago_cliente, id_detalle_venta, id_pago_proveedor, fecha) values (32, 23, 2, 22, 32, 32, 32, '2023-08-20 18:40:23');
insert into ventas (id_venta, id_cliente, id_producto, id_empleado, id_pago_cliente, id_detalle_venta, id_pago_proveedor, fecha) values (33, 5, 62, 4, 33, 33, 33, '2023-05-16 10:42:50');
insert into ventas (id_venta, id_cliente, id_producto, id_empleado, id_pago_cliente, id_detalle_venta, id_pago_proveedor, fecha) values (34, 47, 55, 23, 34, 34, 34, '2023-12-05 18:33:06');
insert into ventas (id_venta, id_cliente, id_producto, id_empleado, id_pago_cliente, id_detalle_venta, id_pago_proveedor, fecha) values (35, 44, 66, 14, 35, 35, 35, '2023-08-06 10:31:42');
insert into ventas (id_venta, id_cliente, id_producto, id_empleado, id_pago_cliente, id_detalle_venta, id_pago_proveedor, fecha) values (36, 66, 52, 12, 36, 36, 36, '2023-09-21 09:34:58');
insert into ventas (id_venta, id_cliente, id_producto, id_empleado, id_pago_cliente, id_detalle_venta, id_pago_proveedor, fecha) values (37, 52, 40, 19, 37, 37, 37, '2024-01-27 19:20:43');
insert into ventas (id_venta, id_cliente, id_producto, id_empleado, id_pago_cliente, id_detalle_venta, id_pago_proveedor, fecha) values (38, 2, 69, 26, 38, 38, 38, '2023-11-04 23:01:13');
insert into ventas (id_venta, id_cliente, id_producto, id_empleado, id_pago_cliente, id_detalle_venta, id_pago_proveedor, fecha) values (39, 47, 60, 19, 39, 39, 39, '2023-06-30 09:18:56');
insert into ventas (id_venta, id_cliente, id_producto, id_empleado, id_pago_cliente, id_detalle_venta, id_pago_proveedor, fecha) values (40, 95, 17, 1, 40, 40, 40, '2024-01-28 09:57:22');
insert into ventas (id_venta, id_cliente, id_producto, id_empleado, id_pago_cliente, id_detalle_venta, id_pago_proveedor, fecha) values (41, 28, 92, 13, 41, 41, 41, '2023-07-12 18:47:25');
insert into ventas (id_venta, id_cliente, id_producto, id_empleado, id_pago_cliente, id_detalle_venta, id_pago_proveedor, fecha) values (42, 79, 22, 5, 42, 42, 42, '2023-09-14 08:23:28');
insert into ventas (id_venta, id_cliente, id_producto, id_empleado, id_pago_cliente, id_detalle_venta, id_pago_proveedor, fecha) values (43, 63, 76, 18, 43, 43, 43, '2023-10-08 21:27:16');
insert into ventas (id_venta, id_cliente, id_producto, id_empleado, id_pago_cliente, id_detalle_venta, id_pago_proveedor, fecha) values (44, 96, 4, 14, 44, 44, 44, '2023-04-08 19:51:45');
insert into ventas (id_venta, id_cliente, id_producto, id_empleado, id_pago_cliente, id_detalle_venta, id_pago_proveedor, fecha) values (45, 1, 86, 27, 45, 45, 45, '2023-12-02 15:54:42');
insert into ventas (id_venta, id_cliente, id_producto, id_empleado, id_pago_cliente, id_detalle_venta, id_pago_proveedor, fecha) values (46, 5, 98, 23, 46, 46, 46, '2023-06-18 13:01:52');
insert into ventas (id_venta, id_cliente, id_producto, id_empleado, id_pago_cliente, id_detalle_venta, id_pago_proveedor, fecha) values (47, 49, 99, 14, 47, 47, 47, '2023-07-10 01:06:47');
insert into ventas (id_venta, id_cliente, id_producto, id_empleado, id_pago_cliente, id_detalle_venta, id_pago_proveedor, fecha) values (48, 12, 66, 9, 48, 48, 48, '2023-04-15 13:21:55');
insert into ventas (id_venta, id_cliente, id_producto, id_empleado, id_pago_cliente, id_detalle_venta, id_pago_proveedor, fecha) values (49, 34, 75, 5, 49, 49, 49, '2023-06-14 10:46:52');
insert into ventas (id_venta, id_cliente, id_producto, id_empleado, id_pago_cliente, id_detalle_venta, id_pago_proveedor, fecha) values (50, 50, 44, 28, 50, 50, 50, '2023-05-26 11:06:42');
insert into ventas (id_venta, id_cliente, id_producto, id_empleado, id_pago_cliente, id_detalle_venta, id_pago_proveedor, fecha) values (51, 96, 77, 23, 51, 51, 51, '2023-11-10 21:06:54');
insert into ventas (id_venta, id_cliente, id_producto, id_empleado, id_pago_cliente, id_detalle_venta, id_pago_proveedor, fecha) values (52, 73, 14, 12, 52, 52, 52, '2024-02-08 00:38:26');
insert into ventas (id_venta, id_cliente, id_producto, id_empleado, id_pago_cliente, id_detalle_venta, id_pago_proveedor, fecha) values (53, 23, 91, 14, 53, 53, 53, '2023-12-05 04:13:48');
insert into ventas (id_venta, id_cliente, id_producto, id_empleado, id_pago_cliente, id_detalle_venta, id_pago_proveedor, fecha) values (54, 53, 64, 15, 54, 54, 54, '2023-10-29 18:01:49');
insert into ventas (id_venta, id_cliente, id_producto, id_empleado, id_pago_cliente, id_detalle_venta, id_pago_proveedor, fecha) values (55, 90, 46, 9, 55, 55, 55, '2023-10-26 18:50:53');
insert into ventas (id_venta, id_cliente, id_producto, id_empleado, id_pago_cliente, id_detalle_venta, id_pago_proveedor, fecha) values (56, 38, 38, 29, 56, 56, 56, '2023-04-23 11:54:43');
insert into ventas (id_venta, id_cliente, id_producto, id_empleado, id_pago_cliente, id_detalle_venta, id_pago_proveedor, fecha) values (57, 6, 21, 27, 57, 57, 57, '2023-10-09 21:46:21');
insert into ventas (id_venta, id_cliente, id_producto, id_empleado, id_pago_cliente, id_detalle_venta, id_pago_proveedor, fecha) values (58, 13, 9, 29, 58, 58, 58, '2024-03-10 06:45:46');
insert into ventas (id_venta, id_cliente, id_producto, id_empleado, id_pago_cliente, id_detalle_venta, id_pago_proveedor, fecha) values (59, 19, 29, 14, 59, 59, 59, '2024-01-04 08:36:49');
insert into ventas (id_venta, id_cliente, id_producto, id_empleado, id_pago_cliente, id_detalle_venta, id_pago_proveedor, fecha) values (60, 7, 91, 24, 60, 60, 60, '2023-08-25 11:29:03');
insert into ventas (id_venta, id_cliente, id_producto, id_empleado, id_pago_cliente, id_detalle_venta, id_pago_proveedor, fecha) values (61, 70, 35, 20, 61, 61, 61, '2023-08-13 02:01:46');
insert into ventas (id_venta, id_cliente, id_producto, id_empleado, id_pago_cliente, id_detalle_venta, id_pago_proveedor, fecha) values (62, 18, 97, 8, 62, 62, 62, '2023-12-12 01:01:36');
insert into ventas (id_venta, id_cliente, id_producto, id_empleado, id_pago_cliente, id_detalle_venta, id_pago_proveedor, fecha) values (63, 89, 4, 30, 63, 63, 63, '2023-10-31 09:43:30');
insert into ventas (id_venta, id_cliente, id_producto, id_empleado, id_pago_cliente, id_detalle_venta, id_pago_proveedor, fecha) values (64, 76, 41, 18, 64, 64, 64, '2023-06-11 21:10:10');
insert into ventas (id_venta, id_cliente, id_producto, id_empleado, id_pago_cliente, id_detalle_venta, id_pago_proveedor, fecha) values (65, 65, 7, 23, 65, 65, 65, '2023-10-23 05:35:39');
insert into ventas (id_venta, id_cliente, id_producto, id_empleado, id_pago_cliente, id_detalle_venta, id_pago_proveedor, fecha) values (66, 33, 46, 30, 66, 66, 66, '2024-02-27 12:28:44');
insert into ventas (id_venta, id_cliente, id_producto, id_empleado, id_pago_cliente, id_detalle_venta, id_pago_proveedor, fecha) values (67, 4, 31, 25, 67, 67, 67, '2023-09-04 10:14:56');
insert into ventas (id_venta, id_cliente, id_producto, id_empleado, id_pago_cliente, id_detalle_venta, id_pago_proveedor, fecha) values (68, 2, 91, 29, 68, 68, 68, '2023-09-02 23:16:05');
insert into ventas (id_venta, id_cliente, id_producto, id_empleado, id_pago_cliente, id_detalle_venta, id_pago_proveedor, fecha) values (69, 49, 37, 29, 69, 69, 69, '2023-04-27 02:00:08');
insert into ventas (id_venta, id_cliente, id_producto, id_empleado, id_pago_cliente, id_detalle_venta, id_pago_proveedor, fecha) values (70, 30, 47, 23, 70, 70, 70, '2023-09-27 11:17:02');
insert into ventas (id_venta, id_cliente, id_producto, id_empleado, id_pago_cliente, id_detalle_venta, id_pago_proveedor, fecha) values (71, 79, 66, 22, 71, 71, 71, '2023-08-02 03:14:55');
insert into ventas (id_venta, id_cliente, id_producto, id_empleado, id_pago_cliente, id_detalle_venta, id_pago_proveedor, fecha) values (72, 36, 13, 21, 72, 72, 72, '2024-01-08 12:59:23');
insert into ventas (id_venta, id_cliente, id_producto, id_empleado, id_pago_cliente, id_detalle_venta, id_pago_proveedor, fecha) values (73, 75, 94, 15, 73, 73, 73, '2023-09-28 10:13:12');
insert into ventas (id_venta, id_cliente, id_producto, id_empleado, id_pago_cliente, id_detalle_venta, id_pago_proveedor, fecha) values (74, 18, 42, 26, 74, 74, 74, '2023-12-21 20:15:19');
insert into ventas (id_venta, id_cliente, id_producto, id_empleado, id_pago_cliente, id_detalle_venta, id_pago_proveedor, fecha) values (75, 46, 18, 30, 75, 75, 75, '2023-05-06 09:51:15');
insert into ventas (id_venta, id_cliente, id_producto, id_empleado, id_pago_cliente, id_detalle_venta, id_pago_proveedor, fecha) values (76, 2, 28, 15, 76, 76, 76, '2023-08-05 14:40:04');
insert into ventas (id_venta, id_cliente, id_producto, id_empleado, id_pago_cliente, id_detalle_venta, id_pago_proveedor, fecha) values (77, 65, 42, 28, 77, 77, 77, '2023-08-18 01:03:17');
insert into ventas (id_venta, id_cliente, id_producto, id_empleado, id_pago_cliente, id_detalle_venta, id_pago_proveedor, fecha) values (78, 83, 91, 12, 78, 78, 78, '2023-07-04 00:36:41');
insert into ventas (id_venta, id_cliente, id_producto, id_empleado, id_pago_cliente, id_detalle_venta, id_pago_proveedor, fecha) values (79, 58, 31, 23, 79, 79, 79, '2024-03-01 23:29:07');
insert into ventas (id_venta, id_cliente, id_producto, id_empleado, id_pago_cliente, id_detalle_venta, id_pago_proveedor, fecha) values (80, 29, 8, 30, 80, 80, 80, '2023-08-03 21:23:16');
insert into ventas (id_venta, id_cliente, id_producto, id_empleado, id_pago_cliente, id_detalle_venta, id_pago_proveedor, fecha) values (81, 85, 21, 27, 81, 81, 81, '2023-10-29 09:24:22');
insert into ventas (id_venta, id_cliente, id_producto, id_empleado, id_pago_cliente, id_detalle_venta, id_pago_proveedor, fecha) values (82, 22, 95, 13, 82, 82, 82, '2024-01-23 07:29:34');
insert into ventas (id_venta, id_cliente, id_producto, id_empleado, id_pago_cliente, id_detalle_venta, id_pago_proveedor, fecha) values (83, 84, 6, 25, 83, 83, 83, '2023-11-14 02:19:22');
insert into ventas (id_venta, id_cliente, id_producto, id_empleado, id_pago_cliente, id_detalle_venta, id_pago_proveedor, fecha) values (84, 2, 54, 22, 84, 84, 84, '2023-12-25 11:05:05');
insert into ventas (id_venta, id_cliente, id_producto, id_empleado, id_pago_cliente, id_detalle_venta, id_pago_proveedor, fecha) values (85, 30, 34, 8, 85, 85, 85, '2023-11-23 20:19:00');
insert into ventas (id_venta, id_cliente, id_producto, id_empleado, id_pago_cliente, id_detalle_venta, id_pago_proveedor, fecha) values (86, 74, 58, 11, 86, 86, 86, '2023-04-20 12:59:55');
insert into ventas (id_venta, id_cliente, id_producto, id_empleado, id_pago_cliente, id_detalle_venta, id_pago_proveedor, fecha) values (87, 77, 94, 27, 87, 87, 87, '2023-12-16 08:32:40');
insert into ventas (id_venta, id_cliente, id_producto, id_empleado, id_pago_cliente, id_detalle_venta, id_pago_proveedor, fecha) values (88, 20, 21, 9, 88, 88, 88, '2024-01-26 22:23:47');
insert into ventas (id_venta, id_cliente, id_producto, id_empleado, id_pago_cliente, id_detalle_venta, id_pago_proveedor, fecha) values (89, 54, 37, 7, 89, 89, 89, '2024-03-08 07:25:11');
insert into ventas (id_venta, id_cliente, id_producto, id_empleado, id_pago_cliente, id_detalle_venta, id_pago_proveedor, fecha) values (90, 85, 47, 7, 90, 90, 90, '2023-08-18 14:07:21');
insert into ventas (id_venta, id_cliente, id_producto, id_empleado, id_pago_cliente, id_detalle_venta, id_pago_proveedor, fecha) values (91, 56, 19, 20, 91, 91, 91, '2024-03-01 07:07:37');
insert into ventas (id_venta, id_cliente, id_producto, id_empleado, id_pago_cliente, id_detalle_venta, id_pago_proveedor, fecha) values (92, 68, 92, 11, 92, 92, 92, '2023-04-02 01:26:40');
insert into ventas (id_venta, id_cliente, id_producto, id_empleado, id_pago_cliente, id_detalle_venta, id_pago_proveedor, fecha) values (93, 73, 27, 11, 93, 93, 93, '2024-03-16 11:10:29');
insert into ventas (id_venta, id_cliente, id_producto, id_empleado, id_pago_cliente, id_detalle_venta, id_pago_proveedor, fecha) values (94, 48, 65, 23, 94, 94, 94, '2023-04-13 00:35:10');
insert into ventas (id_venta, id_cliente, id_producto, id_empleado, id_pago_cliente, id_detalle_venta, id_pago_proveedor, fecha) values (95, 99, 37, 26, 95, 95, 95, '2024-01-01 13:29:47');
insert into ventas (id_venta, id_cliente, id_producto, id_empleado, id_pago_cliente, id_detalle_venta, id_pago_proveedor, fecha) values (96, 53, 3, 13, 96, 96, 96, '2023-05-03 10:17:10');
insert into ventas (id_venta, id_cliente, id_producto, id_empleado, id_pago_cliente, id_detalle_venta, id_pago_proveedor, fecha) values (97, 55, 73, 30, 97, 97, 97, '2024-02-24 09:15:11');
insert into ventas (id_venta, id_cliente, id_producto, id_empleado, id_pago_cliente, id_detalle_venta, id_pago_proveedor, fecha) values (98, 83, 81, 27, 98, 98, 98, '2023-07-11 02:25:19');
insert into ventas (id_venta, id_cliente, id_producto, id_empleado, id_pago_cliente, id_detalle_venta, id_pago_proveedor, fecha) values (99, 65, 3, 13, 99, 99, 99, '2023-06-02 14:13:16');
insert into ventas (id_venta, id_cliente, id_producto, id_empleado, id_pago_cliente, id_detalle_venta, id_pago_proveedor, fecha) values (100, 16, 32, 9, 100, 100, 100, '2023-10-20 07:23:04');